date_time,maxtempC,mintempC,totalSnow_cm,sunHour,uvIndex,moon_illumination,moonrise,moonset,sunrise,sunset,DewPointC,FeelsLikeC,HeatIndexC,WindChillC,WindGustKmph,cloudcover,humidity,precipMM,pressure,tempC,visibility,winddirDegree,windspeedKmph,location
2018-01-01 00:00:00,-8,-13,0.0,8.7,2,97,05:35 PM,07:33 AM,08:21 AM,05:40 PM,-17,-20,-12,-20,24,4,65,0.0,1028,-13,10,324,21,EWR
2018-01-01 03:00:00,-8,-13,0.0,8.7,2,97,05:35 PM,07:33 AM,08:21 AM,05:40 PM,-17,-20,-12,-20,25,3,65,0.0,1028,-12,10,322,21,EWR
2018-01-01 06:00:00,-8,-13,0.0,8.7,2,97,05:35 PM,07:33 AM,08:21 AM,05:40 PM,-18,-21,-13,-21,22,3,66,0.0,1030,-13,10,308,19,EWR
2018-01-01 09:00:00,-8,-13,0.0,8.7,2,97,05:35 PM,07:33 AM,08:21 AM,05:40 PM,-17,-19,-11,-19,24,2,58,0.0,1030,-11,10,317,21,EWR
2018-01-01 12:00:00,-8,-13,0.0,8.7,2,97,05:35 PM,07:33 AM,08:21 AM,05:40 PM,-18,-16,-8,-16,24,2,48,0.0,1029,-9,10,312,21,EWR
2018-01-01 15:00:00,-8,-13,0.0,8.7,2,97,05:35 PM,07:33 AM,08:21 AM,05:40 PM,-17,-15,-8,-15,23,33,45,0.0,1029,-8,10,305,19,EWR
2018-01-01 18:00:00,-8,-13,0.0,8.7,2,97,05:35 PM,07:33 AM,08:21 AM,05:40 PM,-16,-15,-9,-15,20,48,57,0.0,1029,-9,10,268,14,EWR
2018-01-01 21:00:00,-8,-13,0.0,8.7,2,97,05:35 PM,07:33 AM,08:21 AM,05:40 PM,-13,-16,-9,-16,27,19,68,0.0,1029,-9,10,273,20,EWR
2018-01-02 00:00:00,-5,-11,0.0,8.7,2,100,06:41 PM,08:37 AM,08:21 AM,05:41 PM,-15,-18,-10,-18,32,9,65,0.0,1029,-10,10,281,23,EWR
2018-01-02 03:00:00,-5,-11,0.0,8.7,2,100,06:41 PM,08:37 AM,08:21 AM,05:41 PM,-14,-17,-9,-17,29,28,66,0.0,1030,-9,10,287,21,EWR
2018-01-02 06:00:00,-5,-11,0.0,8.7,2,100,06:41 PM,08:37 AM,08:21 AM,05:41 PM,-14,-18,-10,-18,23,29,71,0.0,1031,-11,10,266,17,EWR
2018-01-02 09:00:00,-5,-11,0.0,8.7,2,100,06:41 PM,08:37 AM,08:21 AM,05:41 PM,-13,-15,-8,-15,24,42,64,0.0,1031,-8,10,279,20,EWR
2018-01-02 12:00:00,-5,-11,0.0,8.7,2,100,06:41 PM,08:37 AM,08:21 AM,05:41 PM,-12,-11,-5,-11,18,21,57,0.0,1029,-5,10,272,16,EWR
2018-01-02 15:00:00,-5,-11,0.0,8.7,2,100,06:41 PM,08:37 AM,08:21 AM,05:41 PM,-12,-11,-5,-11,25,5,59,0.0,1028,-5,10,254,21,EWR
2018-01-02 18:00:00,-5,-11,0.0,8.7,2,100,06:41 PM,08:37 AM,08:21 AM,05:41 PM,-11,-12,-6,-12,24,8,67,0.0,1028,-6,10,250,18,EWR
2018-01-02 21:00:00,-5,-11,0.0,8.7,2,100,06:41 PM,08:37 AM,08:21 AM,05:41 PM,-12,-14,-7,-14,27,11,66,0.0,1028,-7,10,259,20,EWR
2018-01-03 00:00:00,-4,-10,0.0,8.7,1,89,07:52 PM,09:33 AM,08:21 AM,05:42 PM,-13,-14,-8,-14,23,63,67,0.0,1028,-8,10,252,16,EWR
2018-01-03 03:00:00,-4,-10,0.0,8.7,1,89,07:52 PM,09:33 AM,08:21 AM,05:42 PM,-13,-14,-8,-14,20,87,68,0.0,1028,-8,10,271,14,EWR
2018-01-03 06:00:00,-4,-10,0.0,8.7,1,89,07:52 PM,09:33 AM,08:21 AM,05:42 PM,-13,-11,-8,-11,7,8,67,0.0,1028,-10,10,260,6,EWR
2018-01-03 09:00:00,-4,-10,0.0,8.7,1,89,07:52 PM,09:33 AM,08:21 AM,05:42 PM,-14,-9,-6,-9,8,15,53,0.0,1027,-7,10,253,7,EWR
2018-01-03 12:00:00,-4,-10,0.0,8.7,1,89,07:52 PM,09:33 AM,08:21 AM,05:42 PM,-14,-3,-3,-3,3,36,40,0.0,1025,-4,10,146,3,EWR
2018-01-03 15:00:00,-4,-10,0.0,8.7,1,89,07:52 PM,09:33 AM,08:21 AM,05:42 PM,-12,-6,-3,-6,10,33,48,0.0,1023,-4,10,159,8,EWR
2018-01-03 18:00:00,-4,-10,0.0,8.7,1,89,07:52 PM,09:33 AM,08:21 AM,05:42 PM,-11,-6,-3,-6,10,51,57,0.0,1022,-4,10,114,6,EWR
2018-01-03 21:00:00,-4,-10,0.0,8.7,1,89,07:52 PM,09:33 AM,08:21 AM,05:42 PM,-9,-7,-3,-7,16,75,62,0.0,1019,-4,10,46,10,EWR
2018-01-04 00:00:00,-3,-7,0.0,3.5,1,81,09:03 PM,10:21 AM,08:21 AM,05:43 PM,-10,-9,-3,-9,28,100,61,0.0,1014,-3,10,17,19,EWR
2018-01-04 03:00:00,-3,-7,0.0,3.5,1,81,09:03 PM,10:21 AM,08:21 AM,05:43 PM,-9,-10,-4,-10,34,84,63,0.0,1007,-4,10,12,24,EWR
2018-01-04 06:00:00,-3,-7,0.0,3.5,1,81,09:03 PM,10:21 AM,08:21 AM,05:43 PM,-6,-14,-5,-14,47,100,96,0.0,1003,-5,10,354,34,EWR
2018-01-04 09:00:00,-3,-7,0.0,3.5,1,81,09:03 PM,10:21 AM,08:21 AM,05:43 PM,-6,-14,-5,-14,61,100,93,6.2,997,-5,0,350,44,EWR
2018-01-04 12:00:00,-3,-7,0.0,3.5,1,81,09:03 PM,10:21 AM,08:21 AM,05:43 PM,-6,-13,-4,-13,57,100,87,0.0,993,-4,10,330,45,EWR
2018-01-04 15:00:00,-3,-7,0.0,3.5,1,81,09:03 PM,10:21 AM,08:21 AM,05:43 PM,-7,-13,-4,-13,56,92,80,1.2,994,-4,0,317,42,EWR
2018-01-04 18:00:00,-3,-7,0.0,3.5,1,81,09:03 PM,10:21 AM,08:21 AM,05:43 PM,-9,-13,-5,-13,45,100,73,0.0,998,-5,10,301,32,EWR
2018-01-04 21:00:00,-3,-7,0.0,3.5,1,81,09:03 PM,10:21 AM,08:21 AM,05:43 PM,-11,-16,-7,-16,48,87,70,0.0,1001,-7,10,298,35,EWR
2018-01-05 00:00:00,-9,-12,0.0,7.0,2,74,10:13 PM,11:02 AM,08:21 AM,05:44 PM,-13,-18,-9,-18,42,7,72,0.0,1003,-9,10,284,30,EWR
2018-01-05 03:00:00,-9,-12,0.0,7.0,2,74,10:13 PM,11:02 AM,08:21 AM,05:44 PM,-15,-21,-11,-21,45,7,73,0.0,1006,-11,10,288,33,EWR
2018-01-05 06:00:00,-9,-12,0.0,7.0,2,74,10:13 PM,11:02 AM,08:21 AM,05:44 PM,-16,-23,-13,-23,39,42,76,0.0,1008,-12,10,284,30,EWR
2018-01-05 09:00:00,-9,-12,0.0,7.0,2,74,10:13 PM,11:02 AM,08:21 AM,05:44 PM,-16,-22,-12,-22,40,23,71,0.0,1011,-12,10,289,34,EWR
2018-01-05 12:00:00,-9,-12,0.0,7.0,2,74,10:13 PM,11:02 AM,08:21 AM,05:44 PM,-15,-20,-10,-20,38,87,64,0.0,1011,-10,10,287,33,EWR
2018-01-05 15:00:00,-9,-12,0.0,7.0,2,74,10:13 PM,11:02 AM,08:21 AM,05:44 PM,-16,-20,-10,-20,42,37,63,0.0,1014,-10,10,284,32,EWR
2018-01-05 18:00:00,-9,-12,0.0,7.0,2,74,10:13 PM,11:02 AM,08:21 AM,05:44 PM,-15,-20,-11,-20,37,55,69,0.0,1016,-11,10,284,26,EWR
2018-01-05 21:00:00,-9,-12,0.0,7.0,2,74,10:13 PM,11:02 AM,08:21 AM,05:44 PM,-17,-22,-12,-22,40,20,68,0.0,1018,-12,10,291,28,EWR
2018-01-06 00:00:00,-11,-14,0.0,8.7,2,67,11:21 PM,11:38 AM,08:21 AM,05:45 PM,-17,-22,-13,-22,32,4,71,0.0,1020,-13,10,285,23,EWR
2018-01-06 03:00:00,-11,-14,0.0,8.7,2,67,11:21 PM,11:38 AM,08:21 AM,05:45 PM,-17,-23,-13,-23,35,52,73,0.0,1021,-13,10,276,24,EWR
2018-01-06 06:00:00,-11,-14,0.0,8.7,2,67,11:21 PM,11:38 AM,08:21 AM,05:45 PM,-17,-23,-14,-23,30,34,76,0.0,1023,-14,10,267,22,EWR
2018-01-06 09:00:00,-11,-14,0.0,8.7,2,67,11:21 PM,11:38 AM,08:21 AM,05:45 PM,-17,-22,-12,-22,35,20,67,0.0,1024,-12,10,294,30,EWR
2018-01-06 12:00:00,-11,-14,0.0,8.7,2,67,11:21 PM,11:38 AM,08:21 AM,05:45 PM,-17,-20,-11,-20,32,11,60,0.0,1024,-11,10,294,28,EWR
2018-01-06 15:00:00,-11,-14,0.0,8.7,2,67,11:21 PM,11:38 AM,08:21 AM,05:45 PM,-17,-21,-11,-21,34,0,62,0.0,1026,-11,10,301,27,EWR
2018-01-06 18:00:00,-11,-14,0.0,8.7,2,67,11:21 PM,11:38 AM,08:21 AM,05:45 PM,-17,-22,-13,-22,31,12,69,0.0,1029,-13,10,307,22,EWR
2018-01-06 21:00:00,-11,-14,0.0,8.7,2,67,11:21 PM,11:38 AM,08:21 AM,05:45 PM,-18,-23,-14,-23,31,9,73,0.0,1031,-14,10,304,22,EWR
2018-01-07 00:00:00,-9,-15,0.0,8.7,2,59,No moonrise,12:10 PM,08:20 AM,05:46 PM,-17,-23,-14,-23,27,10,77,0.0,1032,-15,10,310,20,EWR
2018-01-07 03:00:00,-9,-15,0.0,8.7,2,59,No moonrise,12:10 PM,08:20 AM,05:46 PM,-17,-22,-14,-22,22,0,78,0.0,1034,-15,10,309,19,EWR
2018-01-07 06:00:00,-9,-15,0.0,8.7,2,59,No moonrise,12:10 PM,08:20 AM,05:46 PM,-16,-19,-13,-19,12,3,79,0.0,1037,-15,10,303,10,EWR
2018-01-07 09:00:00,-9,-15,0.0,8.7,2,59,No moonrise,12:10 PM,08:20 AM,05:46 PM,-15,-17,-11,-17,12,2,72,0.0,1037,-14,10,308,10,EWR
2018-01-07 12:00:00,-9,-15,0.0,8.7,2,59,No moonrise,12:10 PM,08:20 AM,05:46 PM,-14,-12,-8,-12,9,12,65,0.0,1035,-10,10,237,8,EWR
2018-01-07 15:00:00,-9,-15,0.0,8.7,2,59,No moonrise,12:10 PM,08:20 AM,05:46 PM,-13,-14,-9,-14,14,47,73,0.0,1033,-9,10,229,12,EWR
2018-01-07 18:00:00,-9,-15,0.0,8.7,2,59,No moonrise,12:10 PM,08:20 AM,05:46 PM,-13,-15,-9,-15,21,100,75,0.0,1032,-9,10,212,14,EWR
2018-01-07 21:00:00,-9,-15,0.0,8.7,2,59,No moonrise,12:10 PM,08:20 AM,05:46 PM,-12,-17,-9,-17,26,31,77,0.0,1030,-9,10,227,18,EWR
2018-01-08 00:00:00,-1,-9,0.0,5.2,2,52,12:25 AM,12:41 PM,08:20 AM,05:47 PM,-13,-16,-9,-16,25,46,75,0.0,1028,-9,10,230,18,EWR
2018-01-08 03:00:00,-1,-9,0.0,5.2,2,52,12:25 AM,12:41 PM,08:20 AM,05:47 PM,-12,-16,-9,-16,25,33,76,0.0,1027,-9,10,230,18,EWR
2018-01-08 06:00:00,-1,-9,0.0,5.2,2,52,12:25 AM,12:41 PM,08:20 AM,05:47 PM,-11,-13,-8,-13,17,96,78,0.0,1025,-8,10,221,12,EWR
2018-01-08 09:00:00,-1,-9,0.0,5.2,2,52,12:25 AM,12:41 PM,08:20 AM,05:47 PM,-9,-12,-5,-12,23,50,73,0.0,1024,-6,10,222,18,EWR
2018-01-08 12:00:00,-1,-9,0.0,5.2,2,52,12:25 AM,12:41 PM,08:20 AM,05:47 PM,-7,-8,-3,-8,17,78,72,0.0,1021,-3,10,215,14,EWR
2018-01-08 15:00:00,-1,-9,0.0,5.2,2,52,12:25 AM,12:41 PM,08:20 AM,05:47 PM,-4,-7,-2,-7,22,87,85,0.2,1019,-2,2,229,16,EWR
2018-01-08 18:00:00,-1,-9,0.0,5.2,2,52,12:25 AM,12:41 PM,08:20 AM,05:47 PM,-2,-6,-2,-6,20,91,93,0.0,1019,-2,10,236,14,EWR
2018-01-08 21:00:00,-1,-9,0.0,5.2,2,52,12:25 AM,12:41 PM,08:20 AM,05:47 PM,-2,-6,-1,-6,26,70,93,0.3,1019,-1,5,252,17,EWR
2018-01-09 00:00:00,4,-2,0.0,8.7,2,45,01:27 AM,01:11 PM,08:20 AM,05:48 PM,-2,-6,-1,-6,20,58,94,0.0,1017,-2,10,261,13,EWR
2018-01-09 03:00:00,4,-2,0.0,8.7,2,45,01:27 AM,01:11 PM,08:20 AM,05:48 PM,-2,-6,-1,-6,27,27,92,0.0,1019,-2,10,265,17,EWR
2018-01-09 06:00:00,4,-2,0.0,8.7,2,45,01:27 AM,01:11 PM,08:20 AM,05:48 PM,-1,-5,0,-5,27,8,90,0.0,1020,-1,10,243,16,EWR
2018-01-09 09:00:00,4,-2,0.0,8.7,2,45,01:27 AM,01:11 PM,08:20 AM,05:48 PM,1,-1,3,-1,21,0,83,0.0,1022,2,10,278,18,EWR
2018-01-09 12:00:00,4,-2,0.0,8.7,2,45,01:27 AM,01:11 PM,08:20 AM,05:48 PM,3,4,7,4,16,1,76,0.0,1022,4,10,297,14,EWR
2018-01-09 15:00:00,4,-2,0.0,8.7,2,45,01:27 AM,01:11 PM,08:20 AM,05:48 PM,-1,1,4,1,18,3,72,0.0,1024,2,10,307,13,EWR
2018-01-09 18:00:00,4,-2,0.0,8.7,2,45,01:27 AM,01:11 PM,08:20 AM,05:48 PM,-2,-0,3,-0,17,9,72,0.0,1027,1,10,327,10,EWR
2018-01-09 21:00:00,4,-2,0.0,8.7,2,45,01:27 AM,01:11 PM,08:20 AM,05:48 PM,-3,-3,0,-3,17,8,77,0.0,1029,-1,10,351,10,EWR
2018-01-10 00:00:00,2,-3,0.0,8.7,2,38,02:27 AM,01:41 PM,08:20 AM,05:49 PM,-2,-0,2,-0,8,4,79,0.0,1030,-1,10,328,7,EWR
2018-01-10 03:00:00,2,-3,0.0,8.7,2,38,02:27 AM,01:41 PM,08:20 AM,05:49 PM,1,3,4,3,5,2,82,0.0,1032,-3,10,310,4,EWR
2018-01-10 06:00:00,2,-3,0.0,8.7,2,38,02:27 AM,01:41 PM,08:20 AM,05:49 PM,-1,1,3,1,7,0,78,0.0,1032,-3,10,45,6,EWR
2018-01-10 09:00:00,2,-3,0.0,8.7,2,38,02:27 AM,01:41 PM,08:20 AM,05:49 PM,-2,1,3,1,7,3,72,0.0,1033,-0,10,126,6,EWR
2018-01-10 12:00:00,2,-3,0.0,8.7,2,38,02:27 AM,01:41 PM,08:20 AM,05:49 PM,-1,3,4,3,7,6,70,0.0,1031,2,10,195,6,EWR
2018-01-10 15:00:00,2,-3,0.0,8.7,2,38,02:27 AM,01:41 PM,08:20 AM,05:49 PM,-1,0,2,0,11,24,79,0.0,1031,2,10,166,8,EWR
2018-01-10 18:00:00,2,-3,0.0,8.7,2,38,02:27 AM,01:41 PM,08:20 AM,05:49 PM,-1,0,2,0,9,67,86,0.0,1031,1,10,173,5,EWR
2018-01-10 21:00:00,2,-3,0.0,8.7,2,38,02:27 AM,01:41 PM,08:20 AM,05:49 PM,0,-1,2,-1,21,53,88,0.0,1031,2,10,173,11,EWR
2018-01-11 00:00:00,6,2,0.0,3.5,2,30,03:26 AM,02:13 PM,08:20 AM,05:50 PM,2,1,3,1,12,36,92,0.0,1029,2,10,198,6,EWR
2018-01-11 03:00:00,6,2,0.0,3.5,2,30,03:26 AM,02:13 PM,08:20 AM,05:50 PM,2,1,3,1,13,24,93,0.0,1029,2,10,230,7,EWR
2018-01-11 06:00:00,6,2,0.0,3.5,2,30,03:26 AM,02:13 PM,08:20 AM,05:50 PM,3,3,3,3,5,36,96,0.0,1029,2,2,278,2,EWR
2018-01-11 09:00:00,6,2,0.0,3.5,2,30,03:26 AM,02:13 PM,08:20 AM,05:50 PM,5,3,5,3,15,100,98,0.0,1029,4,0,215,8,EWR
2018-01-11 12:00:00,6,2,0.0,3.5,2,30,03:26 AM,02:13 PM,08:20 AM,05:50 PM,7,7,7,7,3,100,97,0.0,1027,6,0,241,2,EWR
2018-01-11 15:00:00,6,2,0.0,3.5,2,30,03:26 AM,02:13 PM,08:20 AM,05:50 PM,6,5,6,5,14,100,97,0.0,1027,6,0,174,6,EWR
2018-01-11 18:00:00,6,2,0.0,3.5,2,30,03:26 AM,02:13 PM,08:20 AM,05:50 PM,6,4,6,4,17,100,99,0.0,1026,5,0,147,8,EWR
2018-01-11 21:00:00,6,2,0.0,3.5,2,30,03:26 AM,02:13 PM,08:20 AM,05:50 PM,6,3,6,3,26,100,98,0.0,1024,6,0,178,12,EWR
2018-01-12 00:00:00,13,7,0.0,3.5,3,23,04:23 AM,02:47 PM,08:19 AM,05:51 PM,7,6,7,6,19,100,100,0.0,1021,7,0,173,9,EWR
2018-01-12 03:00:00,13,7,0.0,3.5,3,23,04:23 AM,02:47 PM,08:19 AM,05:51 PM,9,6,9,6,36,100,99,0.0,1019,8,10,173,17,EWR
2018-01-12 06:00:00,13,7,0.0,3.5,3,23,04:23 AM,02:47 PM,08:19 AM,05:51 PM,11,8,11,8,45,100,99,0.0,1015,11,10,168,22,EWR
2018-01-12 09:00:00,13,7,0.0,3.5,3,23,04:23 AM,02:47 PM,08:19 AM,05:51 PM,12,11,13,11,58,100,96,2.5,1014,13,7,181,28,EWR
2018-01-12 12:00:00,13,7,0.0,3.5,3,23,04:23 AM,02:47 PM,08:19 AM,05:51 PM,13,11,13,11,46,100,97,0.0,1010,13,10,185,22,EWR
2018-01-12 15:00:00,13,7,0.0,3.5,3,23,04:23 AM,02:47 PM,08:19 AM,05:51 PM,13,11,13,11,40,100,98,3.6,1008,13,7,181,19,EWR
2018-01-12 18:00:00,13,7,0.0,3.5,3,23,04:23 AM,02:47 PM,08:19 AM,05:51 PM,11,11,12,11,18,100,99,0.0,1005,11,0,183,9,EWR
2018-01-12 21:00:00,13,7,0.0,3.5,3,23,04:23 AM,02:47 PM,08:19 AM,05:51 PM,12,10,13,10,46,100,98,0.4,1003,13,2,173,23,EWR
2018-01-13 00:00:00,13,-6,0.0,8.7,1,16,05:19 AM,03:26 PM,08:19 AM,05:52 PM,12,11,13,11,37,100,98,0.0,999,13,10,179,18,EWR
2018-01-13 03:00:00,13,-6,0.0,8.7,1,16,05:19 AM,03:26 PM,08:19 AM,05:52 PM,12,11,13,11,54,100,95,1.5,997,13,9,178,29,EWR
2018-01-13 06:00:00,13,-6,0.0,8.7,1,16,05:19 AM,03:26 PM,08:19 AM,05:52 PM,-1,-1,4,-1,36,70,72,0.0,1003,4,10,301,26,EWR
2018-01-13 09:00:00,13,-6,0.0,8.7,1,16,05:19 AM,03:26 PM,08:19 AM,05:52 PM,-9,-9,-2,-9,39,18,56,0.0,1011,-2,10,316,31,EWR
2018-01-13 12:00:00,13,-6,0.0,8.7,1,16,05:19 AM,03:26 PM,08:19 AM,05:52 PM,-9,-6,0,-6,26,19,53,0.0,1015,-0,10,319,23,EWR
2018-01-13 15:00:00,13,-6,0.0,8.7,1,16,05:19 AM,03:26 PM,08:19 AM,05:52 PM,-10,-9,-2,-9,34,19,54,0.0,1020,-2,10,321,29,EWR
2018-01-13 18:00:00,13,-6,0.0,8.7,1,16,05:19 AM,03:26 PM,08:19 AM,05:52 PM,-13,-12,-5,-12,29,28,51,0.0,1025,-4,10,322,24,EWR
2018-01-13 21:00:00,13,-6,0.0,8.7,1,16,05:19 AM,03:26 PM,08:19 AM,05:52 PM,-16,-14,-6,-14,31,14,46,0.0,1028,-6,10,329,26,EWR
2018-01-14 00:00:00,-5,-10,0.0,8.7,2,9,06:13 AM,04:08 PM,08:19 AM,05:53 PM,-17,-15,-8,-15,28,0,47,0.0,1032,-8,10,328,23,EWR
2018-01-14 03:00:00,-5,-10,0.0,8.7,2,9,06:13 AM,04:08 PM,08:19 AM,05:53 PM,-17,-15,-7,-15,24,0,47,0.0,1033,-8,10,336,21,EWR
2018-01-14 06:00:00,-5,-10,0.0,8.7,2,9,06:13 AM,04:08 PM,08:19 AM,05:53 PM,-17,-14,-8,-14,20,0,48,0.0,1036,-10,10,333,17,EWR
2018-01-14 09:00:00,-5,-10,0.0,8.7,2,9,06:13 AM,04:08 PM,08:19 AM,05:53 PM,-18,-13,-6,-13,19,0,39,0.0,1038,-8,10,344,17,EWR
2018-01-14 12:00:00,-5,-10,0.0,8.7,2,9,06:13 AM,04:08 PM,08:19 AM,05:53 PM,-18,-9,-4,-9,18,0,31,0.0,1038,-6,10,346,15,EWR
2018-01-14 15:00:00,-5,-10,0.0,8.7,2,9,06:13 AM,04:08 PM,08:19 AM,05:53 PM,-18,-7,-3,-7,17,0,28,0.0,1038,-5,10,2,15,EWR
2018-01-14 18:00:00,-5,-10,0.0,8.7,2,9,06:13 AM,04:08 PM,08:19 AM,05:53 PM,-19,-12,-6,-12,19,21,35,0.0,1039,-6,10,20,16,EWR
2018-01-14 21:00:00,-5,-10,0.0,8.7,2,9,06:13 AM,04:08 PM,08:19 AM,05:53 PM,-18,-12,-6,-12,18,8,40,0.0,1039,-7,10,37,15,EWR
2018-01-15 00:00:00,-2,-8,0.0,8.7,2,1,07:03 AM,04:55 PM,08:18 AM,05:54 PM,-17,-15,-8,-15,25,36,46,0.0,1039,-8,10,30,20,EWR
2018-01-15 03:00:00,-2,-8,0.0,8.7,2,1,07:03 AM,04:55 PM,08:18 AM,05:54 PM,-16,-14,-7,-14,20,21,48,0.0,1039,-8,10,34,17,EWR
2018-01-15 06:00:00,-2,-8,0.0,8.7,2,1,07:03 AM,04:55 PM,08:18 AM,05:54 PM,-15,-15,-8,-15,24,69,57,0.0,1039,-8,10,41,18,EWR
2018-01-15 09:00:00,-2,-8,0.0,8.7,2,1,07:03 AM,04:55 PM,08:18 AM,05:54 PM,-11,-11,-5,-11,22,6,61,0.0,1038,-5,10,54,19,EWR
2018-01-15 12:00:00,-2,-8,0.0,8.7,2,1,07:03 AM,04:55 PM,08:18 AM,05:54 PM,-9,-7,-2,-7,15,31,60,0.0,1035,-3,10,45,13,EWR
2018-01-15 15:00:00,-2,-8,0.0,8.7,2,1,07:03 AM,04:55 PM,08:18 AM,05:54 PM,-8,-6,-1,-6,15,17,59,0.0,1034,-2,10,58,13,EWR
2018-01-15 18:00:00,-2,-8,0.0,8.7,2,1,07:03 AM,04:55 PM,08:18 AM,05:54 PM,-9,-6,-2,-6,10,10,61,0.0,1035,-3,10,67,9,EWR
2018-01-15 21:00:00,-2,-8,0.0,8.7,2,1,07:03 AM,04:55 PM,08:18 AM,05:54 PM,-8,-7,-3,-7,12,16,66,0.0,1034,-4,10,70,10,EWR
2018-01-16 00:00:00,1,-4,0.1,3.5,2,0,07:50 AM,05:46 PM,08:18 AM,05:55 PM,-8,-6,-3,-6,8,41,70,0.0,1033,-4,10,61,6,EWR
2018-01-16 03:00:00,1,-4,0.1,3.5,2,0,07:50 AM,05:46 PM,08:18 AM,05:55 PM,-8,-6,-3,-6,7,92,71,0.0,1033,-4,10,56,6,EWR
2018-01-16 06:00:00,1,-4,0.1,3.5,2,0,07:50 AM,05:46 PM,08:18 AM,05:55 PM,-6,-4,-3,-4,5,100,76,0.0,1033,-3,10,77,4,EWR
2018-01-16 09:00:00,1,-4,0.1,3.5,2,0,07:50 AM,05:46 PM,08:18 AM,05:55 PM,-4,-3,-1,-3,8,89,78,0.1,1033,-1,10,133,7,EWR
2018-01-16 12:00:00,1,-4,0.1,3.5,2,0,07:50 AM,05:46 PM,08:18 AM,05:55 PM,-3,2,2,2,3,100,72,0.0,1031,1,10,111,3,EWR
2018-01-16 15:00:00,1,-4,0.1,3.5,2,0,07:50 AM,05:46 PM,08:18 AM,05:55 PM,-1,-0,2,-0,9,100,80,0.0,1031,1,10,110,6,EWR
2018-01-16 18:00:00,1,-4,0.1,3.5,2,0,07:50 AM,05:46 PM,08:18 AM,05:55 PM,-1,-1,1,-1,11,100,85,0.0,1030,1,10,63,7,EWR
2018-01-16 21:00:00,1,-4,0.1,3.5,2,0,07:50 AM,05:46 PM,08:18 AM,05:55 PM,0,-1,2,-1,15,100,91,0.2,1028,1,2,81,9,EWR
2018-01-17 00:00:00,2,-6,2.0,3.5,1,0,08:33 AM,06:39 PM,08:17 AM,05:56 PM,1,0,2,0,10,100,94,0.0,1026,2,10,32,6,EWR
2018-01-17 03:00:00,2,-6,2.0,3.5,1,0,08:33 AM,06:39 PM,08:17 AM,05:56 PM,2,0,2,0,11,100,96,1.0,1025,2,9,17,7,EWR
2018-01-17 06:00:00,2,-6,2.0,3.5,1,0,08:33 AM,06:39 PM,08:17 AM,05:56 PM,-0,-2,1,-2,13,100,94,0.0,1025,0,10,338,10,EWR
2018-01-17 09:00:00,2,-6,2.0,3.5,1,0,08:33 AM,06:39 PM,08:17 AM,05:56 PM,-1,-5,0,-5,24,100,90,2.3,1026,0,2,316,18,EWR
2018-01-17 12:00:00,2,-6,2.0,3.5,1,0,08:33 AM,06:39 PM,08:17 AM,05:56 PM,-2,-4,0,-4,17,100,83,0.0,1024,0,10,306,13,EWR
2018-01-17 15:00:00,2,-6,2.0,3.5,1,0,08:33 AM,06:39 PM,08:17 AM,05:56 PM,-5,-7,-1,-7,26,100,75,0.1,1023,-1,5,307,21,EWR
2018-01-17 18:00:00,2,-6,2.0,3.5,1,0,08:33 AM,06:39 PM,08:17 AM,05:56 PM,-8,-9,-3,-9,19,43,70,0.0,1023,-4,10,312,15,EWR
2018-01-17 21:00:00,2,-6,2.0,3.5,1,0,08:33 AM,06:39 PM,08:17 AM,05:56 PM,-11,-13,-6,-13,30,20,67,0.0,1023,-6,10,324,22,EWR
2018-01-18 00:00:00,-0,-7,0.0,8.7,2,6,09:12 AM,07:36 PM,08:17 AM,05:58 PM,-9,-10,-4,-10,19,0,68,0.0,1022,-6,10,309,17,EWR
2018-01-18 03:00:00,-0,-7,0.0,8.7,2,6,09:12 AM,07:36 PM,08:17 AM,05:58 PM,-10,-11,-5,-11,22,0,68,0.0,1020,-7,10,321,19,EWR
2018-01-18 06:00:00,-0,-7,0.0,8.7,2,6,09:12 AM,07:36 PM,08:17 AM,05:58 PM,-9,-9,-5,-9,12,3,70,0.0,1019,-7,10,289,10,EWR
2018-01-18 09:00:00,-0,-7,0.0,8.7,2,6,09:12 AM,07:36 PM,08:17 AM,05:58 PM,-11,-11,-4,-11,27,0,59,0.0,1018,-4,10,316,23,EWR
2018-01-18 12:00:00,-0,-7,0.0,8.7,2,6,09:12 AM,07:36 PM,08:17 AM,05:58 PM,-8,-4,0,-4,20,0,52,0.0,1015,-1,10,300,17,EWR
2018-01-18 15:00:00,-0,-7,0.0,8.7,2,6,09:12 AM,07:36 PM,08:17 AM,05:58 PM,-6,-4,1,-4,21,0,59,0.0,1015,-0,10,310,18,EWR
2018-01-18 18:00:00,-0,-7,0.0,8.7,2,6,09:12 AM,07:36 PM,08:17 AM,05:58 PM,-7,-6,-2,-6,15,11,69,0.0,1018,-2,10,302,11,EWR
2018-01-18 21:00:00,-0,-7,0.0,8.7,2,6,09:12 AM,07:36 PM,08:17 AM,05:58 PM,-6,-6,-2,-6,15,2,73,0.0,1019,-3,10,297,13,EWR
2018-01-19 00:00:00,2,-4,0.0,8.7,2,13,09:47 AM,08:34 PM,08:16 AM,05:59 PM,-6,-5,-2,-5,10,10,73,0.0,1018,-4,10,262,8,EWR
2018-01-19 03:00:00,2,-4,0.0,8.7,2,13,09:47 AM,08:34 PM,08:16 AM,05:59 PM,-7,-8,-3,-8,19,7,75,0.0,1018,-4,10,265,15,EWR
2018-01-19 06:00:00,2,-4,0.0,8.7,2,13,09:47 AM,08:34 PM,08:16 AM,05:59 PM,-6,-8,-3,-8,23,100,76,0.0,1019,-3,10,255,14,EWR
2018-01-19 09:00:00,2,-4,0.0,8.7,2,13,09:47 AM,08:34 PM,08:16 AM,05:59 PM,-5,-5,-0,-5,20,9,68,0.0,1019,-1,10,263,17,EWR
2018-01-19 12:00:00,2,-4,0.0,8.7,2,13,09:47 AM,08:34 PM,08:16 AM,05:59 PM,-4,-1,2,-1,15,28,63,0.0,1017,2,10,261,13,EWR
2018-01-19 15:00:00,2,-4,0.0,8.7,2,13,09:47 AM,08:34 PM,08:16 AM,05:59 PM,-2,-1,2,-1,22,45,71,0.0,1016,2,10,241,15,EWR
2018-01-19 18:00:00,2,-4,0.0,8.7,2,13,09:47 AM,08:34 PM,08:16 AM,05:59 PM,-1,-1,2,-1,18,9,77,0.0,1016,1,10,227,11,EWR
2018-01-19 21:00:00,2,-4,0.0,8.7,2,13,09:47 AM,08:34 PM,08:16 AM,05:59 PM,-2,-2,2,-2,23,3,75,0.0,1016,1,10,232,14,EWR
2018-01-20 00:00:00,8,2,0.0,9.8,2,20,10:19 AM,09:34 PM,08:16 AM,06:00 PM,-4,-2,3,-2,31,8,63,0.0,1014,2,10,237,18,EWR
2018-01-20 03:00:00,8,2,0.0,9.8,2,20,10:19 AM,09:34 PM,08:16 AM,06:00 PM,-4,-2,2,-2,35,19,63,0.0,1013,2,10,243,20,EWR
2018-01-20 06:00:00,8,2,0.0,9.8,2,20,10:19 AM,09:34 PM,08:16 AM,06:00 PM,-3,-2,3,-2,35,24,64,0.0,1012,3,10,237,19,EWR
2018-01-20 09:00:00,8,2,0.0,9.8,2,20,10:19 AM,09:34 PM,08:16 AM,06:00 PM,-2,1,5,1,35,23,60,0.0,1013,5,10,257,23,EWR
2018-01-20 12:00:00,8,2,0.0,9.8,2,20,10:19 AM,09:34 PM,08:16 AM,06:00 PM,2,6,9,6,23,13,62,0.0,1012,8,10,265,15,EWR
2018-01-20 15:00:00,8,2,0.0,9.8,2,20,10:19 AM,09:34 PM,08:16 AM,06:00 PM,3,4,7,4,26,6,77,0.0,1014,6,10,263,15,EWR
2018-01-20 18:00:00,8,2,0.0,9.8,2,20,10:19 AM,09:34 PM,08:16 AM,06:00 PM,3,3,6,3,24,4,82,0.0,1016,5,10,270,13,EWR
2018-01-20 21:00:00,8,2,0.0,9.8,2,20,10:19 AM,09:34 PM,08:16 AM,06:00 PM,3,2,5,2,21,5,87,0.0,1018,3,10,289,12,EWR
2018-01-21 00:00:00,8,2,0.0,9.9,2,28,10:50 AM,10:34 PM,08:15 AM,06:01 PM,2,2,4,2,15,8,88,0.0,1019,2,10,264,9,EWR
2018-01-21 03:00:00,8,2,0.0,9.9,2,28,10:50 AM,10:34 PM,08:15 AM,06:01 PM,2,0,3,0,19,9,89,0.0,1020,2,10,295,11,EWR
2018-01-21 06:00:00,8,2,0.0,9.9,2,28,10:50 AM,10:34 PM,08:15 AM,06:01 PM,2,2,4,2,14,7,88,0.0,1021,2,10,259,8,EWR
2018-01-21 09:00:00,8,2,0.0,9.9,2,28,10:50 AM,10:34 PM,08:15 AM,06:01 PM,6,8,9,8,9,0,79,0.0,1023,5,10,303,8,EWR
2018-01-21 12:00:00,8,2,0.0,9.9,2,28,10:50 AM,10:34 PM,08:15 AM,06:01 PM,5,11,11,11,5,3,65,0.0,1022,8,10,302,5,EWR
2018-01-21 15:00:00,8,2,0.0,9.9,2,28,10:50 AM,10:34 PM,08:15 AM,06:01 PM,3,8,8,8,7,27,72,0.0,1021,7,10,215,5,EWR
2018-01-21 18:00:00,8,2,0.0,9.9,2,28,10:50 AM,10:34 PM,08:15 AM,06:01 PM,3,6,6,6,7,100,79,0.0,1022,6,10,219,3,EWR
2018-01-21 21:00:00,8,2,0.0,9.9,2,28,10:50 AM,10:34 PM,08:15 AM,06:01 PM,3,4,6,4,12,100,84,0.1,1022,5,10,203,6,EWR
2018-01-22 00:00:00,6,4,0.0,6.6,2,35,11:20 AM,11:36 PM,08:15 AM,06:02 PM,4,5,6,5,8,100,89,0.0,1021,5,10,173,4,EWR
2018-01-22 03:00:00,6,4,0.0,6.6,2,35,11:20 AM,11:36 PM,08:15 AM,06:02 PM,4,5,5,5,8,100,92,0.3,1021,5,2,191,4,EWR
2018-01-22 06:00:00,6,4,0.0,6.6,2,35,11:20 AM,11:36 PM,08:15 AM,06:02 PM,4,5,5,5,1,48,94,0.0,1021,4,10,133,0,EWR
2018-01-22 09:00:00,6,4,0.0,6.6,2,35,11:20 AM,11:36 PM,08:15 AM,06:02 PM,5,6,6,6,4,60,90,0.0,1022,5,10,85,3,EWR
2018-01-22 12:00:00,6,4,0.0,6.6,2,35,11:20 AM,11:36 PM,08:15 AM,06:02 PM,5,6,7,6,9,100,87,0.0,1022,6,10,49,5,EWR
2018-01-22 15:00:00,6,4,0.0,6.6,2,35,11:20 AM,11:36 PM,08:15 AM,06:02 PM,5,4,6,4,16,100,91,0.4,1021,6,2,88,9,EWR
2018-01-22 18:00:00,6,4,0.0,6.6,2,35,11:20 AM,11:36 PM,08:15 AM,06:02 PM,5,4,5,4,14,62,95,0.0,1020,5,2,46,8,EWR
2018-01-22 21:00:00,6,4,0.0,6.6,2,35,11:20 AM,11:36 PM,08:15 AM,06:02 PM,5,3,6,3,22,37,94,0.0,1019,5,2,98,12,EWR
2018-01-23 00:00:00,11,4,0.0,6.6,3,42,11:50 AM,No moonset,08:14 AM,06:03 PM,4,3,5,3,14,54,93,0.0,1016,4,10,70,8,EWR
2018-01-23 03:00:00,11,4,0.0,6.6,3,42,11:50 AM,No moonset,08:14 AM,06:03 PM,5,3,5,3,19,57,96,0.0,1014,5,2,148,9,EWR
2018-01-23 06:00:00,11,4,0.0,6.6,3,42,11:50 AM,No moonset,08:14 AM,06:03 PM,6,4,7,4,24,100,96,0.0,1009,6,2,169,12,EWR
2018-01-23 09:00:00,11,4,0.0,6.6,3,42,11:50 AM,No moonset,08:14 AM,06:03 PM,10,9,11,9,53,100,94,3.5,1005,11,6,183,28,EWR
2018-01-23 12:00:00,11,4,0.0,6.6,3,42,11:50 AM,No moonset,08:14 AM,06:03 PM,10,12,11,12,7,99,93,0.0,1001,11,10,333,3,EWR
2018-01-23 15:00:00,11,4,0.0,6.6,3,42,11:50 AM,No moonset,08:14 AM,06:03 PM,9,10,11,10,22,62,86,0.0,1002,11,10,287,13,EWR
2018-01-23 18:00:00,11,4,0.0,6.6,3,42,11:50 AM,No moonset,08:14 AM,06:03 PM,3,6,9,6,29,4,66,0.0,1005,8,10,275,17,EWR
2018-01-23 21:00:00,11,4,0.0,6.6,3,42,11:50 AM,No moonset,08:14 AM,06:03 PM,0,3,6,3,33,2,65,0.0,1008,6,10,280,21,EWR
2018-01-24 00:00:00,5,-2,0.0,9.9,2,49,12:21 PM,12:39 AM,08:13 AM,06:05 PM,2,5,7,5,13,2,70,0.0,1008,5,10,252,12,EWR
2018-01-24 03:00:00,5,-2,0.0,9.9,2,49,12:21 PM,12:39 AM,08:13 AM,06:05 PM,0,1,4,1,26,7,74,0.0,1010,4,10,262,18,EWR
2018-01-24 06:00:00,5,-2,0.0,9.9,2,49,12:21 PM,12:39 AM,08:13 AM,06:05 PM,-0,0,4,0,24,80,75,0.0,1012,3,10,277,14,EWR
2018-01-24 09:00:00,5,-2,0.0,9.9,2,49,12:21 PM,12:39 AM,08:13 AM,06:05 PM,-5,-1,3,-1,31,36,56,0.0,1015,3,10,308,23,EWR
2018-01-24 12:00:00,5,-2,0.0,9.9,2,49,12:21 PM,12:39 AM,08:13 AM,06:05 PM,-5,-1,4,-1,25,5,52,0.0,1016,4,10,305,22,EWR
2018-01-24 15:00:00,5,-2,0.0,9.9,2,49,12:21 PM,12:39 AM,08:13 AM,06:05 PM,-7,-3,2,-3,28,0,51,0.0,1017,2,10,307,23,EWR
2018-01-24 18:00:00,5,-2,0.0,9.9,2,49,12:21 PM,12:39 AM,08:13 AM,06:05 PM,-7,-5,0,-5,27,0,56,0.0,1020,-0,10,309,21,EWR
2018-01-24 21:00:00,5,-2,0.0,9.9,2,49,12:21 PM,12:39 AM,08:13 AM,06:05 PM,-10,-7,-1,-7,27,4,53,0.0,1021,-2,10,320,21,EWR
2018-01-25 00:00:00,-0,-4,0.0,9.9,2,57,12:56 PM,01:45 AM,08:13 AM,06:06 PM,-12,-9,-3,-9,25,27,51,0.0,1022,-3,10,324,21,EWR
2018-01-25 03:00:00,-0,-4,0.0,9.9,2,57,12:56 PM,01:45 AM,08:13 AM,06:06 PM,-13,-9,-3,-9,25,46,47,0.0,1024,-3,10,323,21,EWR
2018-01-25 06:00:00,-0,-4,0.0,9.9,2,57,12:56 PM,01:45 AM,08:13 AM,06:06 PM,-12,-10,-4,-10,23,62,52,0.0,1027,-4,10,312,18,EWR
2018-01-25 09:00:00,-0,-4,0.0,9.9,2,57,12:56 PM,01:45 AM,08:13 AM,06:06 PM,-14,-9,-2,-9,27,15,39,0.0,1029,-2,10,320,22,EWR
2018-01-25 12:00:00,-0,-4,0.0,9.9,2,57,12:56 PM,01:45 AM,08:13 AM,06:06 PM,-17,-5,0,-5,22,6,26,0.0,1030,-0,10,314,19,EWR
2018-01-25 15:00:00,-0,-4,0.0,9.9,2,57,12:56 PM,01:45 AM,08:13 AM,06:06 PM,-17,-5,0,-5,22,3,26,0.0,1032,-0,10,315,19,EWR
2018-01-25 18:00:00,-0,-4,0.0,9.9,2,57,12:56 PM,01:45 AM,08:13 AM,06:06 PM,-16,-4,-0,-4,15,9,29,0.0,1034,-1,10,321,12,EWR
2018-01-25 21:00:00,-0,-4,0.0,9.9,2,57,12:56 PM,01:45 AM,08:13 AM,06:06 PM,-16,-5,-1,-5,16,12,32,0.0,1035,-2,10,338,12,EWR
2018-01-26 00:00:00,2,-3,0.0,10.0,2,64,01:35 PM,02:52 AM,08:12 AM,06:07 PM,-17,-3,-1,-3,6,23,29,0.0,1036,-3,10,329,5,EWR
2018-01-26 03:00:00,2,-3,0.0,10.0,2,64,01:35 PM,02:52 AM,08:12 AM,06:07 PM,-15,-3,-0,-3,7,6,32,0.0,1037,-3,10,312,6,EWR
2018-01-26 06:00:00,2,-3,0.0,10.0,2,64,01:35 PM,02:52 AM,08:12 AM,06:07 PM,-14,-3,-1,-3,7,4,36,0.0,1040,-3,10,348,6,EWR
2018-01-26 09:00:00,2,-3,0.0,10.0,2,64,01:35 PM,02:52 AM,08:12 AM,06:07 PM,-13,1,1,1,1,8,34,0.0,1041,-1,10,19,1,EWR
2018-01-26 12:00:00,2,-3,0.0,10.0,2,64,01:35 PM,02:52 AM,08:12 AM,06:07 PM,-11,3,4,3,4,8,34,0.0,1039,2,10,218,3,EWR
2018-01-26 15:00:00,2,-3,0.0,10.0,2,64,01:35 PM,02:52 AM,08:12 AM,06:07 PM,-10,1,3,1,10,9,36,0.0,1038,2,10,168,9,EWR
2018-01-26 18:00:00,2,-3,0.0,10.0,2,64,01:35 PM,02:52 AM,08:12 AM,06:07 PM,-7,-1,2,-1,14,2,51,0.0,1038,0,10,181,12,EWR
2018-01-26 21:00:00,2,-3,0.0,10.0,2,64,01:35 PM,02:52 AM,08:12 AM,06:07 PM,-6,-3,1,-3,20,44,59,0.0,1038,0,10,193,13,EWR
2018-01-27 00:00:00,10,0,0.0,9.9,3,71,02:21 PM,04:01 AM,08:11 AM,06:08 PM,-3,-2,2,-2,16,5,67,0.0,1036,0,10,201,13,EWR
2018-01-27 03:00:00,10,0,0.0,9.9,3,71,02:21 PM,04:01 AM,08:11 AM,06:08 PM,-0,1,4,1,15,1,76,0.0,1034,1,10,206,13,EWR
2018-01-27 06:00:00,10,0,0.0,9.9,3,71,02:21 PM,04:01 AM,08:11 AM,06:08 PM,2,2,5,2,12,1,82,0.0,1033,1,10,213,10,EWR
2018-01-27 09:00:00,10,0,0.0,9.9,3,71,02:21 PM,04:01 AM,08:11 AM,06:08 PM,-1,2,5,2,25,6,65,0.0,1032,5,10,218,18,EWR
2018-01-27 12:00:00,10,0,0.0,9.9,3,71,02:21 PM,04:01 AM,08:11 AM,06:08 PM,1,7,10,7,26,16,57,0.0,1029,9,10,219,17,EWR
2018-01-27 15:00:00,10,0,0.0,9.9,3,71,02:21 PM,04:01 AM,08:11 AM,06:08 PM,4,7,10,7,32,53,68,0.0,1027,10,10,209,18,EWR
2018-01-27 18:00:00,10,0,0.0,9.9,3,71,02:21 PM,04:01 AM,08:11 AM,06:08 PM,5,6,9,6,29,100,79,0.0,1026,8,10,210,14,EWR
2018-01-27 21:00:00,10,0,0.0,9.9,3,71,02:21 PM,04:01 AM,08:11 AM,06:08 PM,5,5,9,5,42,10,81,0.0,1025,8,10,208,21,EWR
2018-01-28 00:00:00,9,6,0.0,6.6,2,78,03:15 PM,05:10 AM,08:10 AM,06:09 PM,6,6,9,6,35,100,84,0.0,1024,9,10,221,18,EWR
2018-01-28 03:00:00,9,6,0.0,6.6,2,78,03:15 PM,05:10 AM,08:10 AM,06:09 PM,7,6,8,6,27,100,94,1.5,1024,8,9,235,14,EWR
2018-01-28 06:00:00,9,6,0.0,6.6,2,78,03:15 PM,05:10 AM,08:10 AM,06:09 PM,7,7,7,7,10,100,97,0.0,1025,7,0,267,5,EWR
2018-01-28 09:00:00,9,6,0.0,6.6,2,78,03:15 PM,05:10 AM,08:10 AM,06:09 PM,7,7,7,7,9,84,95,1.0,1025,7,9,314,5,EWR
2018-01-28 12:00:00,9,6,0.0,6.6,2,78,03:15 PM,05:10 AM,08:10 AM,06:09 PM,6,9,9,9,3,100,84,0.0,1024,8,10,355,2,EWR
2018-01-28 15:00:00,9,6,0.0,6.6,2,78,03:15 PM,05:10 AM,08:10 AM,06:09 PM,6,8,8,8,4,91,85,0.0,1024,7,10,330,3,EWR
2018-01-28 18:00:00,9,6,0.0,6.6,2,78,03:15 PM,05:10 AM,08:10 AM,06:09 PM,4,6,7,6,11,53,78,0.0,1025,7,10,334,6,EWR
2018-01-28 21:00:00,9,6,0.0,6.6,2,78,03:15 PM,05:10 AM,08:10 AM,06:09 PM,1,4,6,4,18,63,70,0.0,1025,6,10,11,10,EWR
2018-01-29 00:00:00,5,3,0.3,8.3,2,86,04:16 PM,06:15 AM,08:09 AM,06:11 PM,3,4,6,4,16,49,83,0.0,1024,5,10,29,10,EWR
2018-01-29 03:00:00,5,3,0.3,8.3,2,86,04:16 PM,06:15 AM,08:09 AM,06:11 PM,0,2,5,2,21,11,71,0.0,1024,4,10,27,15,EWR
2018-01-29 06:00:00,5,3,0.3,8.3,2,86,04:16 PM,06:15 AM,08:09 AM,06:11 PM,-2,0,4,0,23,100,67,0.0,1024,3,10,32,15,EWR
2018-01-29 09:00:00,5,3,0.3,8.3,2,86,04:16 PM,06:15 AM,08:09 AM,06:11 PM,-2,1,5,1,26,13,60,0.0,1023,4,10,39,19,EWR
2018-01-29 12:00:00,5,3,0.3,8.3,2,86,04:16 PM,06:15 AM,08:09 AM,06:11 PM,-1,2,6,2,21,22,63,0.0,1021,5,10,50,18,EWR
2018-01-29 15:00:00,5,3,0.3,8.3,2,86,04:16 PM,06:15 AM,08:09 AM,06:11 PM,-0,2,5,2,24,75,67,0.0,1020,5,10,53,18,EWR
2018-01-29 18:00:00,5,3,0.3,8.3,2,86,04:16 PM,06:15 AM,08:09 AM,06:11 PM,-0,1,5,1,21,67,70,0.0,1018,4,10,46,15,EWR
2018-01-29 21:00:00,5,3,0.3,8.3,2,86,04:16 PM,06:15 AM,08:09 AM,06:11 PM,-2,-2,3,-2,25,66,71,0.3,1017,3,5,39,18,EWR
2018-01-30 00:00:00,2,-4,1.1,5.0,1,93,05:24 PM,07:15 AM,08:08 AM,06:12 PM,-3,-3,1,-3,18,100,72,0.0,1016,1,10,33,14,EWR
2018-01-30 03:00:00,2,-4,1.1,5.0,1,93,05:24 PM,07:15 AM,08:08 AM,06:12 PM,-3,-4,-0,-4,18,100,79,0.8,1015,-0,2,11,14,EWR
2018-01-30 06:00:00,2,-4,1.1,5.0,1,93,05:24 PM,07:15 AM,08:08 AM,06:12 PM,-3,-3,-0,-3,11,100,80,0.0,1015,-1,10,10,9,EWR
2018-01-30 09:00:00,2,-4,1.1,5.0,1,93,05:24 PM,07:15 AM,08:08 AM,06:12 PM,-3,-3,0,-3,12,97,77,0.3,1015,-0,2,357,10,EWR
2018-01-30 12:00:00,2,-4,1.1,5.0,1,93,05:24 PM,07:15 AM,08:08 AM,06:12 PM,-3,-1,2,-1,13,100,71,0.0,1015,2,10,298,11,EWR
2018-01-30 15:00:00,2,-4,1.1,5.0,1,93,05:24 PM,07:15 AM,08:08 AM,06:12 PM,-7,-5,0,-5,32,95,59,0.2,1016,0,5,318,26,EWR
2018-01-30 18:00:00,2,-4,1.1,5.0,1,93,05:24 PM,07:15 AM,08:08 AM,06:12 PM,-10,-9,-3,-9,36,61,58,0.0,1019,-3,10,317,27,EWR
2018-01-30 21:00:00,2,-4,1.1,5.0,1,93,05:24 PM,07:15 AM,08:08 AM,06:12 PM,-11,-12,-4,-12,37,28,57,0.0,1022,-4,10,326,28,EWR
2018-01-31 00:00:00,-1,-8,0.0,10.0,2,97,06:36 PM,08:07 AM,08:07 AM,06:13 PM,-13,-12,-5,-12,26,5,56,0.0,1023,-6,10,320,22,EWR
2018-01-31 03:00:00,-1,-8,0.0,10.0,2,97,06:36 PM,08:07 AM,08:07 AM,06:13 PM,-13,-13,-6,-13,24,6,56,0.0,1024,-7,10,313,20,EWR
2018-01-31 06:00:00,-1,-8,0.0,10.0,2,97,06:36 PM,08:07 AM,08:07 AM,06:13 PM,-14,-13,-7,-13,19,17,57,0.0,1027,-8,10,298,16,EWR
2018-01-31 09:00:00,-1,-8,0.0,10.0,2,97,06:36 PM,08:07 AM,08:07 AM,06:13 PM,-14,-9,-5,-9,14,9,48,0.0,1027,-6,10,303,12,EWR
2018-01-31 12:00:00,-1,-8,0.0,10.0,2,97,06:36 PM,08:07 AM,08:07 AM,06:13 PM,-13,-5,-1,-5,12,45,39,0.0,1023,-2,10,233,10,EWR
2018-01-31 15:00:00,-1,-8,0.0,10.0,2,97,06:36 PM,08:07 AM,08:07 AM,06:13 PM,-11,-5,-1,-5,16,31,45,0.0,1021,-1,10,207,14,EWR
2018-01-31 18:00:00,-1,-8,0.0,10.0,2,97,06:36 PM,08:07 AM,08:07 AM,06:13 PM,-9,-7,-2,-7,29,88,58,0.0,1020,-2,10,204,21,EWR
2018-01-31 21:00:00,-1,-8,0.0,10.0,2,97,06:36 PM,08:07 AM,08:07 AM,06:13 PM,-10,-6,-1,-6,30,51,49,0.0,1019,-1,10,217,22,EWR
2018-02-01 00:00:00,5,-1,0.0,8.3,1,88,07:48 PM,08:53 AM,08:07 AM,06:14 PM,-8,-4,-0,-4,18,78,57,0.0,1018,-1,10,216,13,EWR
2018-02-01 03:00:00,5,-1,0.0,8.3,1,88,07:48 PM,08:53 AM,08:07 AM,06:14 PM,-7,-4,0,-4,22,94,60,0.0,1017,0,10,214,15,EWR
2018-02-01 06:00:00,5,-1,0.0,8.3,1,88,07:48 PM,08:53 AM,08:07 AM,06:14 PM,-8,-2,1,-2,14,100,53,0.0,1016,0,10,217,10,EWR
2018-02-01 09:00:00,5,-1,0.0,8.3,1,88,07:48 PM,08:53 AM,08:07 AM,06:14 PM,-6,-1,3,-1,18,36,51,0.0,1016,2,10,217,14,EWR
2018-02-01 12:00:00,5,-1,0.0,8.3,1,88,07:48 PM,08:53 AM,08:07 AM,06:14 PM,-4,4,6,4,8,49,51,0.0,1014,5,10,223,7,EWR
2018-02-01 15:00:00,5,-1,0.0,8.3,1,88,07:48 PM,08:53 AM,08:07 AM,06:14 PM,-2,3,5,3,13,69,60,0.1,1014,5,10,214,9,EWR
2018-02-01 18:00:00,5,-1,0.0,8.3,1,88,07:48 PM,08:53 AM,08:07 AM,06:14 PM,-0,4,4,4,6,100,73,0.0,1013,4,10,169,4,EWR
2018-02-01 21:00:00,5,-1,0.0,8.3,1,88,07:48 PM,08:53 AM,08:07 AM,06:14 PM,1,2,4,2,11,100,81,0.6,1012,3,2,212,6,EWR
2018-02-02 00:00:00,3,-7,2.4,8.3,1,81,08:59 PM,09:33 AM,08:06 AM,06:15 PM,1,1,3,1,13,100,89,0.0,1009,3,10,322,9,EWR
2018-02-02 03:00:00,3,-7,2.4,8.3,1,81,08:59 PM,09:33 AM,08:06 AM,06:15 PM,-1,-3,2,-3,31,92,82,2.8,1012,2,2,313,23,EWR
2018-02-02 06:00:00,3,-7,2.4,8.3,1,81,08:59 PM,09:33 AM,08:06 AM,06:15 PM,-8,-9,-2,-9,33,59,63,0.0,1015,-2,10,327,24,EWR
2018-02-02 09:00:00,3,-7,2.4,8.3,1,81,08:59 PM,09:33 AM,08:06 AM,06:15 PM,-12,-11,-4,-11,34,23,51,0.0,1018,-4,10,310,29,EWR
2018-02-02 12:00:00,3,-7,2.4,8.3,1,81,08:59 PM,09:33 AM,08:06 AM,06:15 PM,-13,-10,-3,-10,32,82,46,0.0,1018,-3,10,302,28,EWR
2018-02-02 15:00:00,3,-7,2.4,8.3,1,81,08:59 PM,09:33 AM,08:06 AM,06:15 PM,-14,-13,-5,-13,37,62,48,0.0,1022,-4,10,309,32,EWR
2018-02-02 18:00:00,3,-7,2.4,8.3,1,81,08:59 PM,09:33 AM,08:06 AM,06:15 PM,-16,-15,-6,-15,34,36,47,0.0,1025,-6,10,309,28,EWR
2018-02-02 21:00:00,3,-7,2.4,8.3,1,81,08:59 PM,09:33 AM,08:06 AM,06:15 PM,-17,-16,-7,-16,33,0,46,0.0,1028,-7,10,312,26,EWR
2018-02-03 00:00:00,-2,-8,0.0,10.1,2,73,10:07 PM,10:07 AM,08:05 AM,06:17 PM,-16,-15,-8,-15,24,0,49,0.0,1029,-8,10,309,21,EWR
2018-02-03 03:00:00,-2,-8,0.0,10.1,2,73,10:07 PM,10:07 AM,08:05 AM,06:17 PM,-16,-14,-7,-14,20,5,51,0.0,1030,-8,10,290,17,EWR
2018-02-03 06:00:00,-2,-8,0.0,10.1,2,73,10:07 PM,10:07 AM,08:05 AM,06:17 PM,-14,-14,-7,-14,21,3,57,0.0,1031,-8,10,256,18,EWR
2018-02-03 09:00:00,-2,-8,0.0,10.1,2,73,10:07 PM,10:07 AM,08:05 AM,06:17 PM,-14,-12,-5,-12,21,11,49,0.0,1032,-6,10,254,18,EWR
2018-02-03 12:00:00,-2,-8,0.0,10.1,2,73,10:07 PM,10:07 AM,08:05 AM,06:17 PM,-15,-8,-3,-8,17,45,39,0.0,1029,-3,10,233,15,EWR
2018-02-03 15:00:00,-2,-8,0.0,10.1,2,73,10:07 PM,10:07 AM,08:05 AM,06:17 PM,-14,-7,-1,-7,20,15,38,0.0,1029,-2,10,228,17,EWR
2018-02-03 18:00:00,-2,-8,0.0,10.1,2,73,10:07 PM,10:07 AM,08:05 AM,06:17 PM,-13,-7,-2,-7,26,50,41,0.0,1029,-2,10,211,19,EWR
2018-02-03 21:00:00,-2,-8,0.0,10.1,2,73,10:07 PM,10:07 AM,08:05 AM,06:17 PM,-13,-7,-2,-7,26,48,43,0.0,1029,-2,10,211,19,EWR
2018-02-04 00:00:00,3,-1,0.0,5.1,2,66,11:13 PM,10:40 AM,08:04 AM,06:18 PM,-12,-6,-1,-6,22,49,42,0.0,1028,-1,10,209,17,EWR
2018-02-04 03:00:00,3,-1,0.0,5.1,2,66,11:13 PM,10:40 AM,08:04 AM,06:18 PM,-12,-6,-1,-6,25,61,41,0.0,1027,-1,10,205,18,EWR
2018-02-04 06:00:00,3,-1,0.0,5.1,2,66,11:13 PM,10:40 AM,08:04 AM,06:18 PM,-10,-4,0,-4,18,100,47,0.0,1025,-0,10,188,13,EWR
2018-02-04 09:00:00,3,-1,0.0,5.1,2,66,11:13 PM,10:40 AM,08:04 AM,06:18 PM,-5,-1,2,-1,20,100,57,0.0,1023,2,10,207,14,EWR
2018-02-04 12:00:00,3,-1,0.0,5.1,2,66,11:13 PM,10:40 AM,08:04 AM,06:18 PM,-0,2,3,2,5,100,80,0.0,1019,2,10,62,3,EWR
2018-02-04 15:00:00,3,-1,0.0,5.1,2,66,11:13 PM,10:40 AM,08:04 AM,06:18 PM,1,1,2,1,8,100,94,0.0,1014,2,10,95,5,EWR
2018-02-04 18:00:00,3,-1,0.0,5.1,2,66,11:13 PM,10:40 AM,08:04 AM,06:18 PM,3,2,3,2,10,100,99,0.0,1010,3,0,127,5,EWR
2018-02-04 21:00:00,3,-1,0.0,5.1,2,66,11:13 PM,10:40 AM,08:04 AM,06:18 PM,3,1,3,1,14,100,98,10.1,1006,3,5,352,8,EWR
2018-02-05 00:00:00,2,-3,0.0,10.2,2,58,No moonrise,11:11 AM,08:02 AM,06:19 PM,2,-1,3,-1,22,33,93,0.0,1004,2,10,299,13,EWR
2018-02-05 03:00:00,2,-3,0.0,10.2,2,58,No moonrise,11:11 AM,08:02 AM,06:19 PM,-0,-3,2,-3,31,9,86,0.0,1007,2,10,292,20,EWR
2018-02-05 06:00:00,2,-3,0.0,10.2,2,58,No moonrise,11:11 AM,08:02 AM,06:19 PM,0,-1,3,-1,20,11,83,0.0,1010,2,10,273,13,EWR
2018-02-05 09:00:00,2,-3,0.0,10.2,2,58,No moonrise,11:11 AM,08:02 AM,06:19 PM,-7,-8,-1,-8,41,2,62,0.0,1016,-1,9,316,30,EWR
2018-02-05 12:00:00,2,-3,0.0,10.2,2,58,No moonrise,11:11 AM,08:02 AM,06:19 PM,-10,-8,-1,-8,31,0,51,0.0,1020,-1,10,309,27,EWR
2018-02-05 15:00:00,2,-3,0.0,10.2,2,58,No moonrise,11:11 AM,08:02 AM,06:19 PM,-10,-7,-1,-7,24,0,53,0.0,1022,-2,10,315,21,EWR
2018-02-05 18:00:00,2,-3,0.0,10.2,2,58,No moonrise,11:11 AM,08:02 AM,06:19 PM,-9,-4,0,-4,15,1,50,0.0,1025,-2,10,299,13,EWR
2018-02-05 21:00:00,2,-3,0.0,10.2,2,58,No moonrise,11:11 AM,08:02 AM,06:19 PM,-11,-6,-2,-6,10,13,52,0.0,1027,-3,10,304,9,EWR
2018-02-06 00:00:00,2,-3,0.0,10.0,1,51,12:15 AM,11:42 AM,08:01 AM,06:20 PM,-10,-4,-2,-4,5,89,54,0.0,1027,-3,10,220,4,EWR
2018-02-06 03:00:00,2,-3,0.0,10.0,1,51,12:15 AM,11:42 AM,08:01 AM,06:20 PM,-10,-4,-2,-4,7,72,53,0.0,1027,-2,10,210,6,EWR
2018-02-06 06:00:00,2,-3,0.0,10.0,1,51,12:15 AM,11:42 AM,08:01 AM,06:20 PM,-9,-4,-2,-4,9,100,55,0.0,1028,-2,10,212,7,EWR
2018-02-06 09:00:00,2,-3,0.0,10.0,1,51,12:15 AM,11:42 AM,08:01 AM,06:20 PM,-10,-3,-0,-3,9,69,48,0.0,1028,-1,10,201,7,EWR
2018-02-06 12:00:00,2,-3,0.0,10.0,1,51,12:15 AM,11:42 AM,08:01 AM,06:20 PM,-8,1,3,1,8,17,45,0.0,1028,2,10,243,7,EWR
2018-02-06 15:00:00,2,-3,0.0,10.0,1,51,12:15 AM,11:42 AM,08:01 AM,06:20 PM,-6,0,3,0,12,9,53,0.0,1029,2,10,290,10,EWR
2018-02-06 18:00:00,2,-3,0.0,10.0,1,51,12:15 AM,11:42 AM,08:01 AM,06:20 PM,-4,-0,2,-0,9,7,68,0.0,1031,0,10,266,7,EWR
2018-02-06 21:00:00,2,-3,0.0,10.0,1,51,12:15 AM,11:42 AM,08:01 AM,06:20 PM,-5,-3,0,-3,12,22,70,0.0,1033,-0,10,332,9,EWR
2018-02-07 00:00:00,4,-1,0.0,5.1,2,43,01:16 AM,12:13 PM,08:00 AM,06:22 PM,-6,-4,-0,-4,15,39,65,0.0,1033,-1,10,42,11,EWR
2018-02-07 03:00:00,4,-1,0.0,5.1,2,43,01:16 AM,12:13 PM,08:00 AM,06:22 PM,-5,-4,0,-4,17,9,66,0.0,1032,-1,10,92,14,EWR
2018-02-07 06:00:00,4,-1,0.0,5.1,2,43,01:16 AM,12:13 PM,08:00 AM,06:22 PM,-6,-5,-1,-5,24,100,69,0.0,1030,-1,10,81,17,EWR
2018-02-07 09:00:00,4,-1,0.0,5.1,2,43,01:16 AM,12:13 PM,08:00 AM,06:22 PM,-1,-4,1,-4,26,100,92,4.7,1026,0,6,115,18,EWR
2018-02-07 12:00:00,4,-1,0.0,5.1,2,43,01:16 AM,12:13 PM,08:00 AM,06:22 PM,1,-2,1,-2,12,100,95,0.0,1020,1,2,77,9,EWR
2018-02-07 15:00:00,4,-1,0.0,5.1,2,43,01:16 AM,12:13 PM,08:00 AM,06:22 PM,3,-1,3,-1,29,100,99,7.4,1015,3,7,145,16,EWR
2018-02-07 18:00:00,4,-1,0.0,5.1,2,43,01:16 AM,12:13 PM,08:00 AM,06:22 PM,3,-0,4,-0,29,92,94,0.0,1013,4,10,277,18,EWR
2018-02-07 21:00:00,4,-1,0.0,5.1,2,43,01:16 AM,12:13 PM,08:00 AM,06:22 PM,-3,-5,1,-5,43,39,74,0.1,1018,1,10,318,29,EWR
2018-02-08 00:00:00,-1,-4,0.0,10.0,2,36,02:15 AM,12:47 PM,07:59 AM,06:23 PM,-6,-7,-1,-7,32,28,70,0.0,1022,-1,10,323,22,EWR
2018-02-08 03:00:00,-1,-4,0.0,10.0,2,36,02:15 AM,12:47 PM,07:59 AM,06:23 PM,-8,-9,-3,-9,32,34,66,0.0,1024,-3,10,324,23,EWR
2018-02-08 06:00:00,-1,-4,0.0,10.0,2,36,02:15 AM,12:47 PM,07:59 AM,06:23 PM,-7,-6,-2,-6,17,2,67,0.0,1027,-4,10,311,15,EWR
2018-02-08 09:00:00,-1,-4,0.0,10.0,2,36,02:15 AM,12:47 PM,07:59 AM,06:23 PM,-9,-8,-2,-8,19,12,60,0.0,1029,-3,10,316,17,EWR
2018-02-08 12:00:00,-1,-4,0.0,10.0,2,36,02:15 AM,12:47 PM,07:59 AM,06:23 PM,-9,-5,-0,-5,15,15,54,0.0,1028,-1,10,301,13,EWR
2018-02-08 15:00:00,-1,-4,0.0,10.0,2,36,02:15 AM,12:47 PM,07:59 AM,06:23 PM,-9,-5,-0,-5,17,25,53,0.0,1028,-1,10,278,15,EWR
2018-02-08 18:00:00,-1,-4,0.0,10.0,2,36,02:15 AM,12:47 PM,07:59 AM,06:23 PM,-9,-6,-2,-6,20,60,59,0.0,1030,-2,10,282,15,EWR
2018-02-08 21:00:00,-1,-4,0.0,10.0,2,36,02:15 AM,12:47 PM,07:59 AM,06:23 PM,-8,-7,-2,-7,22,5,62,0.0,1032,-3,10,276,17,EWR
2018-02-09 00:00:00,1,-4,0.2,6.9,2,28,03:12 AM,01:25 PM,07:58 AM,06:24 PM,-9,-7,-2,-7,18,10,60,0.0,1033,-3,10,277,15,EWR
2018-02-09 03:00:00,1,-4,0.2,6.9,2,28,03:12 AM,01:25 PM,07:58 AM,06:24 PM,-7,-4,0,-4,14,2,59,0.0,1034,-4,10,307,12,EWR
2018-02-09 06:00:00,1,-4,0.2,6.9,2,28,03:12 AM,01:25 PM,07:58 AM,06:24 PM,-9,-4,-3,-4,5,17,62,0.0,1035,-4,10,273,4,EWR
2018-02-09 09:00:00,1,-4,0.2,6.9,2,28,03:12 AM,01:25 PM,07:58 AM,06:24 PM,-10,-3,-1,-3,7,47,50,0.0,1036,-2,10,224,6,EWR
2018-02-09 12:00:00,1,-4,0.2,6.9,2,28,03:12 AM,01:25 PM,07:58 AM,06:24 PM,-8,-3,0,-3,13,100,54,0.0,1034,-0,10,200,11,EWR
2018-02-09 15:00:00,1,-4,0.2,6.9,2,28,03:12 AM,01:25 PM,07:58 AM,06:24 PM,-5,-3,1,-3,18,100,63,0.3,1033,1,2,181,13,EWR
2018-02-09 18:00:00,1,-4,0.2,6.9,2,28,03:12 AM,01:25 PM,07:58 AM,06:24 PM,-3,-3,1,-3,22,100,72,0.0,1031,1,10,182,14,EWR
2018-02-09 21:00:00,1,-4,0.2,6.9,2,28,03:12 AM,01:25 PM,07:58 AM,06:24 PM,-1,-2,2,-2,22,100,82,0.0,1030,1,10,177,13,EWR
2018-02-10 00:00:00,6,1,0.0,5.3,1,20,04:06 AM,02:05 PM,07:57 AM,06:25 PM,1,0,2,0,10,100,92,0.0,1028,1,10,181,6,EWR
2018-02-10 03:00:00,6,1,0.0,5.3,1,20,04:06 AM,02:05 PM,07:57 AM,06:25 PM,1,-0,2,-0,15,89,95,0.0,1027,2,2,197,8,EWR
2018-02-10 06:00:00,6,1,0.0,5.3,1,20,04:06 AM,02:05 PM,07:57 AM,06:25 PM,2,2,3,2,9,90,96,0.0,1026,2,2,242,5,EWR
2018-02-10 09:00:00,6,1,0.0,5.3,1,20,04:06 AM,02:05 PM,07:57 AM,06:25 PM,4,3,5,3,12,91,95,0.0,1025,4,2,210,7,EWR
2018-02-10 12:00:00,6,1,0.0,5.3,1,20,04:06 AM,02:05 PM,07:57 AM,06:25 PM,5,6,6,6,3,100,97,0.0,1023,5,2,108,1,EWR
2018-02-10 15:00:00,6,1,0.0,5.3,1,20,04:06 AM,02:05 PM,07:57 AM,06:25 PM,5,4,6,4,13,100,98,4.5,1021,5,7,172,6,EWR
2018-02-10 18:00:00,6,1,0.0,5.3,1,20,04:06 AM,02:05 PM,07:57 AM,06:25 PM,6,4,6,4,14,100,99,0.0,1019,5,0,102,6,EWR
2018-02-10 21:00:00,6,1,0.0,5.3,1,20,04:06 AM,02:05 PM,07:57 AM,06:25 PM,6,5,6,5,17,100,99,3.8,1018,6,7,205,8,EWR
2018-02-11 00:00:00,12,5,0.0,5.4,2,13,04:58 AM,02:50 PM,07:56 AM,06:27 PM,6,5,6,5,11,100,98,0.0,1018,6,0,273,5,EWR
2018-02-11 03:00:00,12,5,0.0,5.4,2,13,04:58 AM,02:50 PM,07:56 AM,06:27 PM,6,6,6,6,8,100,98,5.2,1018,5,7,298,4,EWR
2018-02-11 06:00:00,12,5,0.0,5.4,2,13,04:58 AM,02:50 PM,07:56 AM,06:27 PM,6,5,6,5,10,100,98,0.0,1018,5,0,32,5,EWR
2018-02-11 09:00:00,12,5,0.0,5.4,2,13,04:58 AM,02:50 PM,07:56 AM,06:27 PM,6,4,6,4,17,100,99,4.1,1017,6,7,82,9,EWR
2018-02-11 12:00:00,12,5,0.0,5.4,2,13,04:58 AM,02:50 PM,07:56 AM,06:27 PM,6,6,7,6,14,100,97,0.0,1015,6,2,76,6,EWR
2018-02-11 15:00:00,12,5,0.0,5.4,2,13,04:58 AM,02:50 PM,07:56 AM,06:27 PM,11,9,11,9,45,100,96,6.8,1013,11,7,197,21,EWR
2018-02-11 18:00:00,12,5,0.0,5.4,2,13,04:58 AM,02:50 PM,07:56 AM,06:27 PM,10,9,10,9,18,100,97,0.0,1013,10,2,209,9,EWR
2018-02-11 21:00:00,12,5,0.0,5.4,2,13,04:58 AM,02:50 PM,07:56 AM,06:27 PM,12,10,12,10,30,100,98,1.1,1013,12,10,219,14,EWR
2018-02-12 00:00:00,12,0,0.0,10.7,2,5,05:47 AM,03:40 PM,07:55 AM,06:28 PM,12,11,12,11,26,100,98,0.0,1014,12,10,253,13,EWR
2018-02-12 03:00:00,12,0,0.0,10.7,2,5,05:47 AM,03:40 PM,07:55 AM,06:28 PM,7,7,10,7,32,35,85,0.0,1019,10,10,297,18,EWR
2018-02-12 06:00:00,12,0,0.0,10.7,2,5,05:47 AM,03:40 PM,07:55 AM,06:28 PM,0,1,5,1,29,33,70,0.0,1023,5,10,330,20,EWR
2018-02-12 09:00:00,12,0,0.0,10.7,2,5,05:47 AM,03:40 PM,07:55 AM,06:28 PM,-3,-1,4,-1,28,47,63,0.0,1027,4,10,339,22,EWR
2018-02-12 12:00:00,12,0,0.0,10.7,2,5,05:47 AM,03:40 PM,07:55 AM,06:28 PM,-3,3,6,3,17,7,54,0.0,1029,5,10,333,15,EWR
2018-02-12 15:00:00,12,0,0.0,10.7,2,5,05:47 AM,03:40 PM,07:55 AM,06:28 PM,-3,3,6,3,22,0,50,0.0,1032,5,10,330,19,EWR
2018-02-12 18:00:00,12,0,0.0,10.7,2,5,05:47 AM,03:40 PM,07:55 AM,06:28 PM,-5,0,4,0,20,32,54,0.0,1035,3,10,319,14,EWR
2018-02-12 21:00:00,12,0,0.0,10.7,2,5,05:47 AM,03:40 PM,07:55 AM,06:28 PM,-7,-5,0,-5,33,12,56,0.0,1038,0,10,329,23,EWR
2018-02-13 00:00:00,1,-3,0.0,10.0,2,0,06:31 AM,04:32 PM,07:53 AM,06:29 PM,-7,-4,1,-4,20,0,55,0.0,1040,-1,10,342,18,EWR
2018-02-13 03:00:00,1,-3,0.0,10.0,2,0,06:31 AM,04:32 PM,07:53 AM,06:29 PM,-8,-6,-0,-6,22,0,55,0.0,1042,-2,10,355,19,EWR
2018-02-13 06:00:00,1,-3,0.0,10.0,2,0,06:31 AM,04:32 PM,07:53 AM,06:29 PM,-10,-7,-2,-7,17,4,54,0.0,1044,-3,10,10,15,EWR
2018-02-13 09:00:00,1,-3,0.0,10.0,2,0,06:31 AM,04:32 PM,07:53 AM,06:29 PM,-12,-4,-1,-4,12,22,41,0.0,1044,-1,10,31,10,EWR
2018-02-13 12:00:00,1,-3,0.0,10.0,2,0,06:31 AM,04:32 PM,07:53 AM,06:29 PM,-13,-0,2,-0,7,100,33,0.0,1042,1,10,83,6,EWR
2018-02-13 15:00:00,1,-3,0.0,10.0,2,0,06:31 AM,04:32 PM,07:53 AM,06:29 PM,-13,-1,2,-1,11,37,33,0.0,1041,1,10,133,10,EWR
2018-02-13 18:00:00,1,-3,0.0,10.0,2,0,06:31 AM,04:32 PM,07:53 AM,06:29 PM,-7,-3,1,-3,12,12,56,0.0,1040,-0,10,163,10,EWR
2018-02-13 21:00:00,1,-3,0.0,10.0,2,0,06:31 AM,04:32 PM,07:53 AM,06:29 PM,-5,-1,1,-1,8,13,65,0.0,1037,-0,10,172,7,EWR
2018-02-14 00:00:00,9,0,0.0,10.8,2,0,07:11 AM,05:29 PM,07:52 AM,06:30 PM,-3,0,1,0,6,53,75,0.0,1034,0,10,204,4,EWR
2018-02-14 03:00:00,9,0,0.0,10.8,2,0,07:11 AM,05:29 PM,07:52 AM,06:30 PM,-1,-1,2,-1,11,31,79,0.2,1032,1,9,218,9,EWR
2018-02-14 06:00:00,9,0,0.0,10.8,2,0,07:11 AM,05:29 PM,07:52 AM,06:30 PM,-1,0,2,0,9,19,77,0.0,1029,1,10,224,7,EWR
2018-02-14 09:00:00,9,0,0.0,10.8,2,0,07:11 AM,05:29 PM,07:52 AM,06:30 PM,-2,1,4,1,14,49,67,0.0,1028,3,10,240,12,EWR
2018-02-14 12:00:00,9,0,0.0,10.8,2,0,07:11 AM,05:29 PM,07:52 AM,06:30 PM,2,8,10,8,13,5,59,0.0,1024,8,10,226,12,EWR
2018-02-14 15:00:00,9,0,0.0,10.8,2,0,07:11 AM,05:29 PM,07:52 AM,06:30 PM,3,7,10,7,22,18,65,0.0,1022,9,10,248,16,EWR
2018-02-14 18:00:00,9,0,0.0,10.8,2,0,07:11 AM,05:29 PM,07:52 AM,06:30 PM,4,6,8,6,17,16,79,0.0,1021,7,10,221,9,EWR
2018-02-14 21:00:00,9,0,0.0,10.8,2,0,07:11 AM,05:29 PM,07:52 AM,06:30 PM,4,4,6,4,20,74,85,0.0,1019,6,10,240,11,EWR
2018-02-15 00:00:00,13,5,0.0,8.5,2,0,07:48 AM,06:27 PM,07:51 AM,06:31 PM,5,4,6,4,14,100,90,0.0,1017,6,9,228,9,EWR
2018-02-15 03:00:00,13,5,0.0,8.5,2,0,07:48 AM,06:27 PM,07:51 AM,06:31 PM,6,5,6,5,14,96,95,1.4,1015,6,10,230,9,EWR
2018-02-15 06:00:00,13,5,0.0,8.5,2,0,07:48 AM,06:27 PM,07:51 AM,06:31 PM,5,5,6,5,9,100,97,0.0,1014,5,0,193,5,EWR
2018-02-15 09:00:00,13,5,0.0,8.5,2,0,07:48 AM,06:27 PM,07:51 AM,06:31 PM,7,7,9,7,16,63,89,0.0,1013,8,10,233,11,EWR
2018-02-15 12:00:00,13,5,0.0,8.5,2,0,07:48 AM,06:27 PM,07:51 AM,06:31 PM,8,10,11,10,14,100,82,0.0,1010,11,10,231,9,EWR
2018-02-15 15:00:00,13,5,0.0,8.5,2,0,07:48 AM,06:27 PM,07:51 AM,06:31 PM,10,12,13,12,22,47,81,0.0,1009,13,10,232,13,EWR
2018-02-15 18:00:00,13,5,0.0,8.5,2,0,07:48 AM,06:27 PM,07:51 AM,06:31 PM,11,11,12,11,20,24,91,0.0,1008,11,10,225,9,EWR
2018-02-15 21:00:00,13,5,0.0,8.5,2,0,07:48 AM,06:27 PM,07:51 AM,06:31 PM,11,10,12,10,23,51,96,0.8,1006,11,9,243,11,EWR
2018-02-16 00:00:00,12,2,0.0,7.0,2,2,08:21 AM,07:27 PM,07:49 AM,06:33 PM,11,10,11,10,18,100,98,0.0,1003,10,0,201,9,EWR
2018-02-16 03:00:00,12,2,0.0,7.0,2,2,08:21 AM,07:27 PM,07:49 AM,06:33 PM,11,10,11,10,21,71,98,1.8,1003,11,9,258,10,EWR
2018-02-16 06:00:00,12,2,0.0,7.0,2,2,08:21 AM,07:27 PM,07:49 AM,06:33 PM,10,10,11,10,16,100,96,0.0,1003,10,2,309,8,EWR
2018-02-16 09:00:00,12,2,0.0,7.0,2,2,08:21 AM,07:27 PM,07:49 AM,06:33 PM,10,10,12,10,22,100,88,0.3,1004,11,2,251,12,EWR
2018-02-16 12:00:00,12,2,0.0,7.0,2,2,08:21 AM,07:27 PM,07:49 AM,06:33 PM,8,11,13,11,26,65,72,0.0,1005,12,10,282,15,EWR
2018-02-16 15:00:00,12,2,0.0,7.0,2,2,08:21 AM,07:27 PM,07:49 AM,06:33 PM,5,7,10,7,34,83,71,1.2,1009,10,9,308,22,EWR
2018-02-16 18:00:00,12,2,0.0,7.0,2,2,08:21 AM,07:27 PM,07:49 AM,06:33 PM,-2,1,6,1,36,60,58,0.0,1014,6,10,321,25,EWR
2018-02-16 21:00:00,12,2,0.0,7.0,2,2,08:21 AM,07:27 PM,07:49 AM,06:33 PM,-6,-3,2,-3,39,0,54,0.0,1020,2,10,330,28,EWR
2018-02-17 00:00:00,3,-2,0.0,8.5,2,10,08:53 AM,08:28 PM,07:48 AM,06:34 PM,-8,-4,1,-4,26,16,52,0.0,1024,1,10,319,20,EWR
2018-02-17 03:00:00,3,-2,0.0,8.5,2,10,08:53 AM,08:28 PM,07:48 AM,06:34 PM,-8,-5,0,-5,20,30,54,0.0,1027,-0,10,335,16,EWR
2018-02-17 06:00:00,3,-2,0.0,8.5,2,10,08:53 AM,08:28 PM,07:48 AM,06:34 PM,-8,-3,-0,-3,8,17,54,0.0,1030,-2,10,349,7,EWR
2018-02-17 09:00:00,3,-2,0.0,8.5,2,10,08:53 AM,08:28 PM,07:48 AM,06:34 PM,-7,0,3,0,12,4,48,0.0,1029,1,10,82,10,EWR
2018-02-17 12:00:00,3,-2,0.0,8.5,2,10,08:53 AM,08:28 PM,07:48 AM,06:34 PM,-6,-0,3,-0,15,23,49,0.0,1027,3,10,144,13,EWR
2018-02-17 15:00:00,3,-2,0.0,8.5,2,10,08:53 AM,08:28 PM,07:48 AM,06:34 PM,-4,-1,3,-1,23,83,60,0.0,1025,3,10,155,18,EWR
2018-02-17 18:00:00,3,-2,0.0,8.5,2,10,08:53 AM,08:28 PM,07:48 AM,06:34 PM,-1,-0,2,-0,8,100,82,0.0,1023,1,10,129,6,EWR
2018-02-17 21:00:00,3,-2,0.0,8.5,2,10,08:53 AM,08:28 PM,07:48 AM,06:34 PM,1,-1,2,-1,10,100,96,6.7,1019,1,6,89,8,EWR
2018-02-18 00:00:00,6,1,0.1,10.9,1,17,09:23 AM,09:30 PM,07:47 AM,06:35 PM,1,0,1,0,5,100,98,0.0,1015,1,0,326,4,EWR
2018-02-18 03:00:00,6,1,0.1,10.9,1,17,09:23 AM,09:30 PM,07:47 AM,06:35 PM,-0,-4,1,-4,32,69,89,0.1,1017,1,7,274,22,EWR
2018-02-18 06:00:00,6,1,0.1,10.9,1,17,09:23 AM,09:30 PM,07:47 AM,06:35 PM,-1,-2,2,-2,22,0,80,0.0,1021,1,10,306,18,EWR
2018-02-18 09:00:00,6,1,0.1,10.9,1,17,09:23 AM,09:30 PM,07:47 AM,06:35 PM,1,1,5,1,19,0,75,0.0,1026,3,10,314,17,EWR
2018-02-18 12:00:00,6,1,0.1,10.9,1,17,09:23 AM,09:30 PM,07:47 AM,06:35 PM,-0,6,8,6,16,0,56,0.0,1028,6,10,300,14,EWR
2018-02-18 15:00:00,6,1,0.1,10.9,1,17,09:23 AM,09:30 PM,07:47 AM,06:35 PM,1,7,9,7,13,0,58,0.0,1030,6,10,305,11,EWR
2018-02-18 18:00:00,6,1,0.1,10.9,1,17,09:23 AM,09:30 PM,07:47 AM,06:35 PM,1,6,6,6,3,3,72,0.0,1032,3,10,311,3,EWR
2018-02-18 21:00:00,6,1,0.1,10.9,1,17,09:23 AM,09:30 PM,07:47 AM,06:35 PM,-0,4,4,4,6,3,71,0.0,1034,2,10,35,4,EWR
2018-02-19 00:00:00,8,1,0.0,7.0,1,25,09:53 AM,10:33 PM,07:45 AM,06:36 PM,-2,0,2,0,12,100,73,0.0,1034,2,10,117,7,EWR
2018-02-19 03:00:00,8,1,0.0,7.0,1,25,09:53 AM,10:33 PM,07:45 AM,06:36 PM,-1,-0,3,-0,17,33,79,0.0,1034,2,10,159,10,EWR
2018-02-19 06:00:00,8,1,0.0,7.0,1,25,09:53 AM,10:33 PM,07:45 AM,06:36 PM,1,2,3,2,6,9,86,0.0,1034,1,10,172,5,EWR
2018-02-19 09:00:00,8,1,0.0,7.0,1,25,09:53 AM,10:33 PM,07:45 AM,06:36 PM,2,4,7,4,17,6,70,0.0,1033,6,10,178,14,EWR
2018-02-19 12:00:00,8,1,0.0,7.0,1,25,09:53 AM,10:33 PM,07:45 AM,06:36 PM,2,6,8,6,15,100,66,0.0,1031,7,10,181,10,EWR
2018-02-19 15:00:00,8,1,0.0,7.0,1,25,09:53 AM,10:33 PM,07:45 AM,06:36 PM,4,6,8,6,21,100,75,0.0,1029,8,10,181,13,EWR
2018-02-19 18:00:00,8,1,0.0,7.0,1,25,09:53 AM,10:33 PM,07:45 AM,06:36 PM,5,5,7,5,12,100,89,0.0,1028,6,10,199,7,EWR
2018-02-19 21:00:00,8,1,0.0,7.0,1,25,09:53 AM,10:33 PM,07:45 AM,06:36 PM,7,6,8,6,20,100,95,0.1,1028,7,2,215,10,EWR
2018-02-20 00:00:00,15,7,0.0,10.1,3,32,10:24 AM,11:37 PM,07:44 AM,06:37 PM,7,6,8,6,20,80,97,0.0,1027,7,2,229,11,EWR
2018-02-20 03:00:00,15,7,0.0,10.1,3,32,10:24 AM,11:37 PM,07:44 AM,06:37 PM,8,6,8,6,25,74,96,0.0,1027,8,10,240,14,EWR
2018-02-20 06:00:00,15,7,0.0,10.1,3,32,10:24 AM,11:37 PM,07:44 AM,06:37 PM,8,7,9,7,22,96,97,0.0,1027,8,2,237,12,EWR
2018-02-20 09:00:00,15,7,0.0,10.1,3,32,10:24 AM,11:37 PM,07:44 AM,06:37 PM,9,8,10,8,27,78,94,0.0,1028,10,10,237,15,EWR
2018-02-20 12:00:00,15,7,0.0,10.1,3,32,10:24 AM,11:37 PM,07:44 AM,06:37 PM,10,13,14,13,17,27,77,0.0,1026,13,10,239,11,EWR
2018-02-20 15:00:00,15,7,0.0,10.1,3,32,10:24 AM,11:37 PM,07:44 AM,06:37 PM,12,16,16,16,19,7,76,0.0,1026,15,10,222,11,EWR
2018-02-20 18:00:00,15,7,0.0,10.1,3,32,10:24 AM,11:37 PM,07:44 AM,06:37 PM,13,14,14,14,15,7,89,0.0,1027,13,10,205,7,EWR
2018-02-20 21:00:00,15,7,0.0,10.1,3,32,10:24 AM,11:37 PM,07:44 AM,06:37 PM,12,12,13,12,28,12,93,0.0,1028,13,10,202,13,EWR
2018-02-21 00:00:00,21,12,0.0,10.1,5,40,10:57 AM,No moonset,07:43 AM,06:39 PM,12,11,13,11,27,41,96,0.0,1027,12,10,200,13,EWR
2018-02-21 03:00:00,21,12,0.0,10.1,5,40,10:57 AM,No moonset,07:43 AM,06:39 PM,13,11,13,11,33,70,98,0.0,1027,13,10,211,16,EWR
2018-02-21 06:00:00,21,12,0.0,10.1,5,40,10:57 AM,No moonset,07:43 AM,06:39 PM,13,12,13,12,21,68,97,0.0,1027,12,2,223,10,EWR
2018-02-21 09:00:00,21,12,0.0,10.1,5,40,10:57 AM,No moonset,07:43 AM,06:39 PM,14,14,15,14,32,39,93,0.0,1026,15,10,225,17,EWR
2018-02-21 12:00:00,21,12,0.0,10.1,5,40,10:57 AM,No moonset,07:43 AM,06:39 PM,15,20,20,20,27,19,72,0.0,1024,19,10,233,14,EWR
2018-02-21 15:00:00,21,12,0.0,10.1,5,40,10:57 AM,No moonset,07:43 AM,06:39 PM,15,21,24,21,30,10,68,0.0,1024,21,10,237,15,EWR
2018-02-21 18:00:00,21,12,0.0,10.1,5,40,10:57 AM,No moonset,07:43 AM,06:39 PM,14,18,18,18,17,73,78,0.0,1026,17,10,245,8,EWR
2018-02-21 21:00:00,21,12,0.0,10.1,5,40,10:57 AM,No moonset,07:43 AM,06:39 PM,10,13,14,13,35,80,74,1.5,1029,14,10,352,18,EWR
2018-02-22 00:00:00,11,3,0.0,5.5,2,47,11:34 AM,12:42 AM,07:41 AM,06:40 PM,5,10,12,10,18,93,64,0.0,1031,11,10,1,10,EWR
2018-02-22 03:00:00,11,3,0.0,5.5,2,47,11:34 AM,12:42 AM,07:41 AM,06:40 PM,2,7,10,7,27,79,60,0.0,1034,10,10,25,17,EWR
2018-02-22 06:00:00,11,3,0.0,5.5,2,47,11:34 AM,12:42 AM,07:41 AM,06:40 PM,-1,4,7,4,26,100,57,0.0,1035,7,10,23,18,EWR
2018-02-22 09:00:00,11,3,0.0,5.5,2,47,11:34 AM,12:42 AM,07:41 AM,06:40 PM,2,4,7,4,23,70,70,0.8,1036,7,9,43,17,EWR
2018-02-22 12:00:00,11,3,0.0,5.5,2,47,11:34 AM,12:42 AM,07:41 AM,06:40 PM,1,3,6,3,19,100,72,0.0,1036,5,10,58,15,EWR
2018-02-22 15:00:00,11,3,0.0,5.5,2,47,11:34 AM,12:42 AM,07:41 AM,06:40 PM,1,0,4,0,25,100,80,3.9,1037,4,7,40,19,EWR
2018-02-22 18:00:00,11,3,0.0,5.5,2,47,11:34 AM,12:42 AM,07:41 AM,06:40 PM,0,-0,3,-0,18,64,82,0.0,1038,3,10,54,14,EWR
2018-02-22 21:00:00,11,3,0.0,5.5,2,47,11:34 AM,12:42 AM,07:41 AM,06:40 PM,0,-0,3,-0,16,86,81,0.0,1038,3,10,60,12,EWR
2018-02-23 00:00:00,4,2,0.0,5.5,1,55,12:15 PM,01:49 AM,07:40 AM,06:41 PM,-0,-0,3,-0,15,95,80,0.0,1039,2,10,53,12,EWR
2018-02-23 03:00:00,4,2,0.0,5.5,1,55,12:15 PM,01:49 AM,07:40 AM,06:41 PM,-0,-1,3,-1,17,92,81,0.0,1038,3,10,71,13,EWR
2018-02-23 06:00:00,4,2,0.0,5.5,1,55,12:15 PM,01:49 AM,07:40 AM,06:41 PM,-0,-1,2,-1,13,96,82,0.0,1038,2,10,70,10,EWR
2018-02-23 09:00:00,4,2,0.0,5.5,1,55,12:15 PM,01:49 AM,07:40 AM,06:41 PM,0,-1,3,-1,18,100,83,1.5,1037,3,9,93,14,EWR
2018-02-23 12:00:00,4,2,0.0,5.5,1,55,12:15 PM,01:49 AM,07:40 AM,06:41 PM,1,1,4,1,12,100,83,0.0,1034,3,10,89,9,EWR
2018-02-23 15:00:00,4,2,0.0,5.5,1,55,12:15 PM,01:49 AM,07:40 AM,06:41 PM,2,2,4,2,14,100,88,1.3,1030,4,9,127,11,EWR
2018-02-23 18:00:00,4,2,0.0,5.5,1,55,12:15 PM,01:49 AM,07:40 AM,06:41 PM,3,4,4,4,5,100,89,0.0,1027,4,10,106,4,EWR
2018-02-23 21:00:00,4,2,0.0,5.5,1,55,12:15 PM,01:49 AM,07:40 AM,06:41 PM,3,2,5,2,15,57,89,0.0,1025,4,10,245,10,EWR
2018-02-24 00:00:00,9,5,0.0,7.0,3,62,01:04 PM,02:56 AM,07:38 AM,06:42 PM,3,2,5,2,24,36,88,0.0,1022,5,10,255,15,EWR
2018-02-24 03:00:00,9,5,0.0,7.0,3,62,01:04 PM,02:56 AM,07:38 AM,06:42 PM,5,3,6,3,20,57,93,0.0,1022,5,10,259,12,EWR
2018-02-24 06:00:00,9,5,0.0,7.0,3,62,01:04 PM,02:56 AM,07:38 AM,06:42 PM,5,5,6,5,11,45,94,0.0,1022,5,10,284,6,EWR
2018-02-24 09:00:00,9,5,0.0,7.0,3,62,01:04 PM,02:56 AM,07:38 AM,06:42 PM,5,8,10,8,13,33,71,0.0,1022,9,10,327,10,EWR
2018-02-24 12:00:00,9,5,0.0,7.0,3,62,01:04 PM,02:56 AM,07:38 AM,06:42 PM,5,9,9,9,10,100,75,0.0,1022,9,10,293,6,EWR
2018-02-24 15:00:00,9,5,0.0,7.0,3,62,01:04 PM,02:56 AM,07:38 AM,06:42 PM,5,6,8,6,16,69,82,0.8,1022,8,9,350,10,EWR
2018-02-24 18:00:00,9,5,0.0,7.0,3,62,01:04 PM,02:56 AM,07:38 AM,06:42 PM,5,7,7,7,4,100,88,0.0,1023,7,10,8,3,EWR
2018-02-24 21:00:00,9,5,0.0,7.0,3,62,01:04 PM,02:56 AM,07:38 AM,06:42 PM,5,5,7,5,14,94,91,0.5,1023,6,2,38,9,EWR
2018-02-25 00:00:00,6,5,0.0,7.0,2,70,02:00 PM,04:00 AM,07:37 AM,06:43 PM,5,4,7,4,19,100,88,0.7,1022,6,2,81,13,EWR
2018-02-25 03:00:00,6,5,0.0,7.0,2,70,02:00 PM,04:00 AM,07:37 AM,06:43 PM,3,2,6,2,24,100,85,2.5,1021,5,7,90,17,EWR
2018-02-25 06:00:00,6,5,0.0,7.0,2,70,02:00 PM,04:00 AM,07:37 AM,06:43 PM,4,2,6,2,23,100,90,0.0,1020,5,10,81,17,EWR
2018-02-25 09:00:00,6,5,0.0,7.0,2,70,02:00 PM,04:00 AM,07:37 AM,06:43 PM,4,2,6,2,35,100,90,3.4,1018,6,7,97,23,EWR
2018-02-25 12:00:00,6,5,0.0,7.0,2,70,02:00 PM,04:00 AM,07:37 AM,06:43 PM,3,2,5,2,18,100,86,0.0,1015,5,10,30,14,EWR
2018-02-25 15:00:00,6,5,0.0,7.0,2,70,02:00 PM,04:00 AM,07:37 AM,06:43 PM,4,6,7,6,6,72,83,0.2,1016,6,5,360,5,EWR
2018-02-25 18:00:00,6,5,0.0,7.0,2,70,02:00 PM,04:00 AM,07:37 AM,06:43 PM,4,6,6,6,2,20,85,0.0,1016,5,10,4,1,EWR
2018-02-25 21:00:00,6,5,0.0,7.0,2,70,02:00 PM,04:00 AM,07:37 AM,06:43 PM,4,5,6,5,8,16,86,0.0,1017,5,10,279,5,EWR
2018-02-26 00:00:00,10,5,0.0,11.1,3,77,03:03 PM,05:00 AM,07:35 AM,06:44 PM,5,5,7,5,11,20,90,0.0,1017,5,10,257,7,EWR
2018-02-26 03:00:00,10,5,0.0,11.1,3,77,03:03 PM,05:00 AM,07:35 AM,06:44 PM,5,5,7,5,21,20,89,0.0,1019,6,10,297,13,EWR
2018-02-26 06:00:00,10,5,0.0,11.1,3,77,03:03 PM,05:00 AM,07:35 AM,06:44 PM,5,6,8,6,10,6,85,0.0,1020,6,10,306,8,EWR
2018-02-26 09:00:00,10,5,0.0,11.1,3,77,03:03 PM,05:00 AM,07:35 AM,06:44 PM,0,5,8,5,19,9,59,0.0,1021,7,10,327,15,EWR
2018-02-26 12:00:00,10,5,0.0,11.1,3,77,03:03 PM,05:00 AM,07:35 AM,06:44 PM,-0,8,10,8,10,15,51,0.0,1021,8,10,302,9,EWR
2018-02-26 15:00:00,10,5,0.0,11.1,3,77,03:03 PM,05:00 AM,07:35 AM,06:44 PM,-1,9,10,9,15,31,47,0.0,1022,10,10,282,11,EWR
2018-02-26 18:00:00,10,5,0.0,11.1,3,77,03:03 PM,05:00 AM,07:35 AM,06:44 PM,4,11,11,11,9,0,60,0.0,1023,7,10,272,8,EWR
2018-02-26 21:00:00,10,5,0.0,11.1,3,77,03:03 PM,05:00 AM,07:35 AM,06:44 PM,2,7,9,7,13,0,61,0.0,1025,6,10,301,11,EWR
2018-02-27 00:00:00,11,3,0.0,11.1,3,85,04:11 PM,05:55 AM,07:34 AM,06:46 PM,2,7,9,7,12,0,62,0.0,1026,5,10,322,11,EWR
2018-02-27 03:00:00,11,3,0.0,11.1,3,85,04:11 PM,05:55 AM,07:34 AM,06:46 PM,0,5,8,5,13,0,59,0.0,1028,4,10,322,12,EWR
2018-02-27 06:00:00,11,3,0.0,11.1,3,85,04:11 PM,05:55 AM,07:34 AM,06:46 PM,1,8,9,8,7,0,59,0.0,1029,3,10,283,6,EWR
2018-02-27 09:00:00,11,3,0.0,11.1,3,85,04:11 PM,05:55 AM,07:34 AM,06:46 PM,2,13,13,13,6,0,47,0.0,1030,7,10,300,5,EWR
2018-02-27 12:00:00,11,3,0.0,11.1,3,85,04:11 PM,05:55 AM,07:34 AM,06:46 PM,-0,12,13,12,9,5,41,0.0,1028,11,10,258,8,EWR
2018-02-27 15:00:00,11,3,0.0,11.1,3,85,04:11 PM,05:55 AM,07:34 AM,06:46 PM,-0,12,13,12,13,4,40,0.0,1026,11,10,236,12,EWR
2018-02-27 18:00:00,11,3,0.0,11.1,3,85,04:11 PM,05:55 AM,07:34 AM,06:46 PM,-0,8,10,8,20,3,49,0.0,1025,8,10,201,13,EWR
2018-02-27 21:00:00,11,3,0.0,11.1,3,85,04:11 PM,05:55 AM,07:34 AM,06:46 PM,-2,5,8,5,25,12,51,0.0,1024,7,10,220,15,EWR
2018-02-28 00:00:00,13,4,0.0,11.2,3,93,05:23 PM,06:42 AM,07:32 AM,06:47 PM,-1,5,8,5,18,2,53,0.0,1023,6,10,232,15,EWR
2018-02-28 03:00:00,13,4,0.0,11.2,3,93,05:23 PM,06:42 AM,07:32 AM,06:47 PM,-2,4,7,4,18,6,53,0.0,1022,5,10,233,13,EWR
2018-02-28 06:00:00,13,4,0.0,11.2,3,93,05:23 PM,06:42 AM,07:32 AM,06:47 PM,-2,3,5,3,11,56,60,0.0,1021,4,10,216,8,EWR
2018-02-28 09:00:00,13,4,0.0,11.2,3,93,05:23 PM,06:42 AM,07:32 AM,06:47 PM,-1,5,8,5,20,45,52,0.0,1019,8,10,219,16,EWR
2018-02-28 12:00:00,13,4,0.0,11.2,3,93,05:23 PM,06:42 AM,07:32 AM,06:47 PM,2,12,13,12,12,9,48,0.0,1016,12,10,227,11,EWR
2018-02-28 15:00:00,13,4,0.0,11.2,3,93,05:23 PM,06:42 AM,07:32 AM,06:47 PM,3,13,14,13,21,20,48,0.0,1014,13,10,218,14,EWR
2018-02-28 18:00:00,13,4,0.0,11.2,3,93,05:23 PM,06:42 AM,07:32 AM,06:47 PM,4,10,12,10,25,30,59,0.0,1013,11,10,216,13,EWR
2018-02-28 21:00:00,13,4,0.0,11.2,3,93,05:23 PM,06:42 AM,07:32 AM,06:47 PM,4,9,11,9,26,48,65,0.0,1012,10,10,218,14,EWR
2018-03-01 00:00:00,13,8,0.0,7.1,3,96,06:34 PM,07:24 AM,07:31 AM,06:48 PM,4,9,10,9,15,32,69,0.0,1012,9,10,246,8,EWR
2018-03-01 03:00:00,13,8,0.0,7.1,3,96,06:34 PM,07:24 AM,07:31 AM,06:48 PM,5,8,9,8,12,11,76,0.0,1011,8,10,264,7,EWR
2018-03-01 06:00:00,13,8,0.0,7.1,3,96,06:34 PM,07:24 AM,07:31 AM,06:48 PM,6,10,9,10,6,15,79,0.0,1012,8,10,298,3,EWR
2018-03-01 09:00:00,13,8,0.0,7.1,3,96,06:34 PM,07:24 AM,07:31 AM,06:48 PM,6,11,11,11,4,42,72,0.0,1011,10,10,46,3,EWR
2018-03-01 12:00:00,13,8,0.0,7.1,3,96,06:34 PM,07:24 AM,07:31 AM,06:48 PM,6,13,13,13,10,89,62,0.0,1009,13,10,71,7,EWR
2018-03-01 15:00:00,13,8,0.0,7.1,3,96,06:34 PM,07:24 AM,07:31 AM,06:48 PM,5,11,12,11,20,77,62,0.0,1007,12,10,92,14,EWR
2018-03-01 18:00:00,13,8,0.0,7.1,3,96,06:34 PM,07:24 AM,07:31 AM,06:48 PM,5,8,10,8,20,100,74,0.0,1005,9,10,112,13,EWR
2018-03-01 21:00:00,13,8,0.0,7.1,3,96,06:34 PM,07:24 AM,07:31 AM,06:48 PM,5,5,8,5,22,100,84,2.3,1002,8,9,97,15,EWR
2018-03-02 00:00:00,6,2,0.0,5.6,1,100,07:44 PM,08:01 AM,07:29 AM,06:49 PM,4,2,6,2,31,100,88,0.0,997,6,10,59,23,EWR
2018-03-02 03:00:00,6,2,0.0,5.6,1,100,07:44 PM,08:01 AM,07:29 AM,06:49 PM,4,2,6,2,33,100,85,9.6,993,6,5,40,24,EWR
2018-03-02 06:00:00,6,2,0.0,5.6,1,100,07:44 PM,08:01 AM,07:29 AM,06:49 PM,0,-1,4,-1,33,100,79,0.0,992,4,10,343,25,EWR
2018-03-02 09:00:00,6,2,0.0,5.6,1,100,07:44 PM,08:01 AM,07:29 AM,06:49 PM,1,-1,4,-1,51,100,80,9.2,993,4,5,338,37,EWR
2018-03-02 12:00:00,6,2,0.0,5.6,1,100,07:44 PM,08:01 AM,07:29 AM,06:49 PM,-1,-4,3,-4,60,100,78,0.0,994,3,10,332,45,EWR
2018-03-02 15:00:00,6,2,0.0,5.6,1,100,07:44 PM,08:01 AM,07:29 AM,06:49 PM,0,-3,4,-3,68,100,77,5.9,998,4,6,345,47,EWR
2018-03-02 18:00:00,6,2,0.0,5.6,1,100,07:44 PM,08:01 AM,07:29 AM,06:49 PM,-2,-5,2,-5,72,100,75,0.0,1004,2,10,333,50,EWR
2018-03-02 21:00:00,6,2,0.0,5.6,1,100,07:44 PM,08:01 AM,07:29 AM,06:49 PM,-1,-3,4,-3,60,96,71,2.2,1007,4,9,345,42,EWR
2018-03-03 00:00:00,7,2,0.0,5.6,1,89,08:52 PM,08:35 AM,07:28 AM,06:50 PM,-2,-3,2,-3,44,100,71,0.0,1010,2,10,335,31,EWR
2018-03-03 03:00:00,7,2,0.0,5.6,1,89,08:52 PM,08:35 AM,07:28 AM,06:50 PM,-2,-3,3,-3,55,80,67,0.2,1011,3,2,344,37,EWR
2018-03-03 06:00:00,7,2,0.0,5.6,1,89,08:52 PM,08:35 AM,07:28 AM,06:50 PM,-2,-3,3,-3,41,80,69,0.0,1014,3,10,341,29,EWR
2018-03-03 09:00:00,7,2,0.0,5.6,1,89,08:52 PM,08:35 AM,07:28 AM,06:50 PM,-2,-0,5,-0,41,63,63,0.0,1016,5,10,355,33,EWR
2018-03-03 12:00:00,7,2,0.0,5.6,1,89,08:52 PM,08:35 AM,07:28 AM,06:50 PM,0,2,7,2,33,94,64,0.0,1016,7,10,342,27,EWR
2018-03-03 15:00:00,7,2,0.0,5.6,1,89,08:52 PM,08:35 AM,07:28 AM,06:50 PM,0,2,7,2,37,67,64,0.0,1017,6,10,355,28,EWR
2018-03-03 18:00:00,7,2,0.0,5.6,1,89,08:52 PM,08:35 AM,07:28 AM,06:50 PM,-0,0,5,0,35,95,69,0.0,1020,5,10,346,25,EWR
2018-03-03 21:00:00,7,2,0.0,5.6,1,89,08:52 PM,08:35 AM,07:28 AM,06:50 PM,-1,-1,4,-1,36,41,70,0.0,1020,4,10,359,25,EWR
2018-03-04 00:00:00,6,0,0.0,8.6,2,82,09:57 PM,09:07 AM,07:26 AM,06:51 PM,-2,-2,3,-2,37,30,70,0.0,1020,3,10,351,25,EWR
2018-03-04 03:00:00,6,0,0.0,8.6,2,82,09:57 PM,09:07 AM,07:26 AM,06:51 PM,-2,-2,3,-2,36,15,71,0.0,1020,3,10,1,24,EWR
2018-03-04 06:00:00,6,0,0.0,8.6,2,82,09:57 PM,09:07 AM,07:26 AM,06:51 PM,-2,-2,3,-2,29,26,72,0.0,1021,3,10,351,21,EWR
2018-03-04 09:00:00,6,0,0.0,8.6,2,82,09:57 PM,09:07 AM,07:26 AM,06:51 PM,-2,0,5,0,29,66,62,0.0,1021,4,10,347,24,EWR
2018-03-04 12:00:00,6,0,0.0,8.6,2,82,09:57 PM,09:07 AM,07:26 AM,06:51 PM,-2,2,6,2,24,85,57,0.0,1019,6,10,330,21,EWR
2018-03-04 15:00:00,6,0,0.0,8.6,2,82,09:57 PM,09:07 AM,07:26 AM,06:51 PM,-5,-0,5,-0,33,0,50,0.0,1019,5,10,329,28,EWR
2018-03-04 18:00:00,6,0,0.0,8.6,2,82,09:57 PM,09:07 AM,07:26 AM,06:51 PM,-5,-3,2,-3,37,55,57,0.0,1020,2,10,327,26,EWR
2018-03-04 21:00:00,6,0,0.0,8.6,2,82,09:57 PM,09:07 AM,07:26 AM,06:51 PM,-7,-6,0,-6,39,11,61,0.0,1020,0,10,335,28,EWR
2018-03-05 00:00:00,5,-0,0.0,8.6,2,74,11:01 PM,09:39 AM,07:25 AM,06:52 PM,-6,-6,0,-6,35,55,64,0.0,1018,0,10,336,24,EWR
2018-03-05 03:00:00,5,-0,0.0,8.6,2,74,11:01 PM,09:39 AM,07:25 AM,06:52 PM,-6,-6,-0,-6,37,32,65,0.0,1018,-0,10,347,26,EWR
2018-03-05 06:00:00,5,-0,0.0,8.6,2,74,11:01 PM,09:39 AM,07:25 AM,06:52 PM,-5,-4,1,-4,26,20,65,0.0,1018,0,10,342,19,EWR
2018-03-05 09:00:00,5,-0,0.0,8.6,2,74,11:01 PM,09:39 AM,07:25 AM,06:52 PM,-5,-2,3,-2,28,32,55,0.0,1018,3,10,2,24,EWR
2018-03-05 12:00:00,5,-0,0.0,8.6,2,74,11:01 PM,09:39 AM,07:25 AM,06:52 PM,-4,1,5,1,21,94,54,0.0,1018,5,10,350,18,EWR
2018-03-05 15:00:00,5,-0,0.0,8.6,2,74,11:01 PM,09:39 AM,07:25 AM,06:52 PM,-4,2,5,2,24,84,52,0.0,1018,5,10,355,19,EWR
2018-03-05 18:00:00,5,-0,0.0,8.6,2,74,11:01 PM,09:39 AM,07:25 AM,06:52 PM,-3,1,4,1,20,5,61,0.0,1019,3,10,356,15,EWR
2018-03-05 21:00:00,5,-0,0.0,8.6,2,74,11:01 PM,09:39 AM,07:25 AM,06:52 PM,-2,1,4,1,17,0,65,0.0,1019,2,10,8,15,EWR
2018-03-06 00:00:00,7,0,0.0,11.3,2,67,No moonrise,10:11 AM,07:23 AM,06:54 PM,-1,1,5,1,15,2,69,0.0,1019,1,10,2,13,EWR
2018-03-06 03:00:00,7,0,0.0,11.3,2,67,No moonrise,10:11 AM,07:23 AM,06:54 PM,0,3,5,3,10,0,72,0.0,1019,0,10,350,9,EWR
2018-03-06 06:00:00,7,0,0.0,11.3,2,67,No moonrise,10:11 AM,07:23 AM,06:54 PM,1,4,5,4,9,0,72,0.0,1019,1,10,9,8,EWR
2018-03-06 09:00:00,7,0,0.0,11.3,2,67,No moonrise,10:11 AM,07:23 AM,06:54 PM,-2,5,6,5,7,6,56,0.0,1018,4,10,112,6,EWR
2018-03-06 12:00:00,7,0,0.0,11.3,2,67,No moonrise,10:11 AM,07:23 AM,06:54 PM,-1,8,9,8,8,3,50,0.0,1016,7,10,153,7,EWR
2018-03-06 15:00:00,7,0,0.0,11.3,2,67,No moonrise,10:11 AM,07:23 AM,06:54 PM,-1,6,8,6,18,2,53,0.0,1015,6,10,139,16,EWR
2018-03-06 18:00:00,7,0,0.0,11.3,2,67,No moonrise,10:11 AM,07:23 AM,06:54 PM,-1,1,4,1,18,35,69,0.0,1015,4,10,147,14,EWR
2018-03-06 21:00:00,7,0,0.0,11.3,2,67,No moonrise,10:11 AM,07:23 AM,06:54 PM,-1,-0,4,-0,22,49,71,0.0,1015,3,10,134,17,EWR
2018-03-07 00:00:00,3,1,3.3,5.7,1,60,12:02 AM,10:45 AM,07:21 AM,06:55 PM,-0,-2,3,-2,24,100,81,0.0,1014,3,10,103,18,EWR
2018-03-07 03:00:00,3,1,3.3,5.7,1,60,12:02 AM,10:45 AM,07:21 AM,06:55 PM,0,-3,2,-3,32,100,88,0.1,1013,2,5,100,22,EWR
2018-03-07 06:00:00,3,1,3.3,5.7,1,60,12:02 AM,10:45 AM,07:21 AM,06:55 PM,-0,-4,2,-4,31,100,90,0.0,1010,1,10,74,22,EWR
2018-03-07 09:00:00,3,1,3.3,5.7,1,60,12:02 AM,10:45 AM,07:21 AM,06:55 PM,1,-3,2,-3,42,100,88,3.0,1007,2,2,68,30,EWR
2018-03-07 12:00:00,3,1,3.3,5.7,1,60,12:02 AM,10:45 AM,07:21 AM,06:55 PM,0,-4,1,-4,39,100,94,0.0,1003,1,10,27,27,EWR
2018-03-07 15:00:00,3,1,3.3,5.7,1,60,12:02 AM,10:45 AM,07:21 AM,06:55 PM,0,-5,1,-5,45,100,93,12.5,1002,1,0,349,31,EWR
2018-03-07 18:00:00,3,1,3.3,5.7,1,60,12:02 AM,10:45 AM,07:21 AM,06:55 PM,-1,-5,1,-5,42,94,91,0.0,1002,1,10,345,28,EWR
2018-03-07 21:00:00,3,1,3.3,5.7,1,60,12:02 AM,10:45 AM,07:21 AM,06:55 PM,-1,-5,1,-5,36,76,90,0.8,1005,1,2,316,24,EWR
2018-03-08 00:00:00,2,-1,0.2,11.4,2,53,01:01 AM,11:21 AM,07:20 AM,06:56 PM,-1,-4,1,-4,25,40,88,0.0,1006,1,10,295,16,EWR
2018-03-08 03:00:00,2,-1,0.2,11.4,2,53,01:01 AM,11:21 AM,07:20 AM,06:56 PM,-2,-5,-0,-5,31,20,87,0.0,1007,-0,10,306,19,EWR
2018-03-08 06:00:00,2,-1,0.2,11.4,2,53,01:01 AM,11:21 AM,07:20 AM,06:56 PM,-1,-4,0,-4,21,42,88,0.0,1008,-0,10,289,14,EWR
2018-03-08 09:00:00,2,-1,0.2,11.4,2,53,01:01 AM,11:21 AM,07:20 AM,06:56 PM,0,-3,1,-3,23,31,93,0.0,1007,1,10,285,16,EWR
2018-03-08 12:00:00,2,-1,0.2,11.4,2,53,01:01 AM,11:21 AM,07:20 AM,06:56 PM,1,-1,2,-1,20,56,93,0.0,1006,2,10,271,14,EWR
2018-03-08 15:00:00,2,-1,0.2,11.4,2,53,01:01 AM,11:21 AM,07:20 AM,06:56 PM,0,-2,2,-2,25,44,89,0.2,1007,2,7,270,17,EWR
2018-03-08 18:00:00,2,-1,0.2,11.4,2,53,01:01 AM,11:21 AM,07:20 AM,06:56 PM,-2,-2,1,-2,20,33,77,0.0,1007,1,10,274,13,EWR
2018-03-08 21:00:00,2,-1,0.2,11.4,2,53,01:01 AM,11:21 AM,07:20 AM,06:56 PM,-4,-5,-0,-5,24,29,76,0.1,1008,-1,10,291,16,EWR
2018-03-09 00:00:00,4,-2,0.1,8.6,2,45,01:58 AM,12:01 PM,07:18 AM,06:57 PM,-5,-6,-1,-6,22,44,77,0.0,1007,-2,10,268,15,EWR
2018-03-09 03:00:00,4,-2,0.1,8.6,2,45,01:58 AM,12:01 PM,07:18 AM,06:57 PM,-5,-8,-2,-8,31,100,79,0.0,1007,-2,10,263,22,EWR
2018-03-09 06:00:00,4,-2,0.1,8.6,2,45,01:58 AM,12:01 PM,07:18 AM,06:57 PM,-4,-6,-1,-6,25,100,79,0.0,1007,-1,10,251,18,EWR
2018-03-09 09:00:00,4,-2,0.1,8.6,2,45,01:58 AM,12:01 PM,07:18 AM,06:57 PM,-4,-4,2,-4,27,75,69,0.0,1007,1,10,284,22,EWR
2018-03-09 12:00:00,4,-2,0.1,8.6,2,45,01:58 AM,12:01 PM,07:18 AM,06:57 PM,-3,-1,4,-1,29,100,61,0.0,1007,4,10,274,24,EWR
2018-03-09 15:00:00,4,-2,0.1,8.6,2,45,01:58 AM,12:01 PM,07:18 AM,06:57 PM,-3,-0,4,-0,33,44,57,0.1,1009,4,10,273,26,EWR
2018-03-09 18:00:00,4,-2,0.1,8.6,2,45,01:58 AM,12:01 PM,07:18 AM,06:57 PM,-3,-3,2,-3,34,35,66,0.0,1010,2,10,261,22,EWR
2018-03-09 21:00:00,4,-2,0.1,8.6,2,45,01:58 AM,12:01 PM,07:18 AM,06:57 PM,-5,-5,1,-5,39,31,66,0.0,1012,1,10,272,26,EWR
2018-03-10 00:00:00,4,-1,0.0,8.7,2,38,02:51 AM,12:44 PM,07:17 AM,06:58 PM,-5,-5,0,-5,31,46,69,0.0,1012,-0,10,274,21,EWR
2018-03-10 03:00:00,4,-1,0.0,8.7,2,38,02:51 AM,12:44 PM,07:17 AM,06:58 PM,-6,-6,-1,-6,31,10,69,0.0,1014,-1,10,285,22,EWR
2018-03-10 06:00:00,4,-1,0.0,8.7,2,38,02:51 AM,12:44 PM,07:17 AM,06:58 PM,-5,-6,-0,-6,27,13,69,0.0,1015,-1,10,269,21,EWR
2018-03-10 09:00:00,4,-1,0.0,8.7,2,38,02:51 AM,12:44 PM,07:17 AM,06:58 PM,-6,-4,2,-4,28,24,58,0.0,1015,2,10,283,23,EWR
2018-03-10 12:00:00,4,-1,0.0,8.7,2,38,02:51 AM,12:44 PM,07:17 AM,06:58 PM,-6,-1,3,-1,25,95,51,0.0,1013,3,10,285,22,EWR
2018-03-10 15:00:00,4,-1,0.0,8.7,2,38,02:51 AM,12:44 PM,07:17 AM,06:58 PM,-5,-1,4,-1,28,73,51,0.0,1014,4,10,290,22,EWR
2018-03-10 18:00:00,4,-1,0.0,8.7,2,38,02:51 AM,12:44 PM,07:17 AM,06:58 PM,-4,-1,3,-1,21,59,59,0.0,1016,3,10,283,14,EWR
2018-03-10 21:00:00,4,-1,0.0,8.7,2,38,02:51 AM,12:44 PM,07:17 AM,06:58 PM,-5,-2,2,-2,22,14,64,0.0,1018,1,10,299,15,EWR
2018-03-11 00:00:00,6,-1,0.0,11.4,2,31,03:41 AM,01:32 PM,07:15 AM,06:59 PM,-2,-1,3,-1,17,1,68,0.0,1018,-0,10,307,15,EWR
2018-03-11 03:00:00,6,-1,0.0,11.4,2,31,03:41 AM,01:32 PM,07:15 AM,06:59 PM,-3,-2,2,-2,17,0,71,0.0,1018,-1,10,303,15,EWR
2018-03-11 06:00:00,6,-1,0.0,11.4,2,31,03:41 AM,01:32 PM,07:15 AM,06:59 PM,-3,-2,2,-2,18,0,69,0.0,1019,-0,10,309,16,EWR
2018-03-11 09:00:00,6,-1,0.0,11.4,2,31,03:41 AM,01:32 PM,07:15 AM,06:59 PM,-4,1,4,1,18,0,57,0.0,1019,2,10,316,16,EWR
2018-03-11 12:00:00,6,-1,0.0,11.4,2,31,03:41 AM,01:32 PM,07:15 AM,06:59 PM,-2,7,9,7,12,0,48,0.0,1018,5,10,299,10,EWR
2018-03-11 15:00:00,6,-1,0.0,11.4,2,31,03:41 AM,01:32 PM,07:15 AM,06:59 PM,-3,4,7,4,13,11,52,0.0,1018,6,10,299,11,EWR
2018-03-11 18:00:00,6,-1,0.0,11.4,2,31,03:41 AM,01:32 PM,07:15 AM,06:59 PM,-0,3,4,3,9,33,73,0.0,1019,3,10,312,6,EWR
2018-03-11 21:00:00,6,-1,0.0,11.4,2,31,03:41 AM,01:32 PM,07:15 AM,06:59 PM,-1,-0,3,-0,15,2,74,0.0,1020,1,10,344,12,EWR
2018-03-12 00:00:00,5,-0,0.6,5.9,2,24,04:27 AM,02:23 PM,07:13 AM,07:00 PM,-2,-1,2,-1,16,3,75,0.0,1019,0,10,20,14,EWR
2018-03-12 03:00:00,5,-0,0.6,5.9,2,24,04:27 AM,02:23 PM,07:13 AM,07:00 PM,-4,-4,0,-4,18,22,73,0.0,1018,-0,10,29,13,EWR
2018-03-12 06:00:00,5,-0,0.6,5.9,2,24,04:27 AM,02:23 PM,07:13 AM,07:00 PM,-3,-3,0,-3,14,19,75,0.0,1017,-0,10,35,11,EWR
2018-03-12 09:00:00,5,-0,0.6,5.9,2,24,04:27 AM,02:23 PM,07:13 AM,07:00 PM,-2,-0,3,-0,18,83,69,0.0,1016,3,10,70,15,EWR
2018-03-12 12:00:00,5,-0,0.6,5.9,2,24,04:27 AM,02:23 PM,07:13 AM,07:00 PM,-1,2,5,2,17,98,65,0.0,1013,5,10,59,14,EWR
2018-03-12 15:00:00,5,-0,0.6,5.9,2,24,04:27 AM,02:23 PM,07:13 AM,07:00 PM,-1,1,5,1,23,83,65,0.0,1012,5,10,68,18,EWR
2018-03-12 18:00:00,5,-0,0.6,5.9,2,24,04:27 AM,02:23 PM,07:13 AM,07:00 PM,-1,0,4,0,23,100,71,0.0,1011,4,10,52,15,EWR
2018-03-12 21:00:00,5,-0,0.6,5.9,2,24,04:27 AM,02:23 PM,07:13 AM,07:00 PM,-0,-2,3,-2,28,100,79,0.7,1009,3,2,48,19,EWR
2018-03-13 00:00:00,3,-0,2.0,8.8,1,16,05:09 AM,03:19 PM,07:12 AM,07:01 PM,-1,-4,1,-4,31,100,88,0.0,1006,1,10,7,22,EWR
2018-03-13 03:00:00,3,-0,2.0,8.8,1,16,05:09 AM,03:19 PM,07:12 AM,07:01 PM,-1,-5,1,-5,37,100,88,2.3,1004,1,2,1,26,EWR
2018-03-13 06:00:00,3,-0,2.0,8.8,1,16,05:09 AM,03:19 PM,07:12 AM,07:01 PM,-1,-5,1,-5,33,100,91,0.0,1004,1,10,328,23,EWR
2018-03-13 09:00:00,3,-0,2.0,8.8,1,16,05:09 AM,03:19 PM,07:12 AM,07:01 PM,-0,-4,2,-4,39,100,87,1.8,1005,2,0,328,27,EWR
2018-03-13 12:00:00,3,-0,2.0,8.8,1,16,05:09 AM,03:19 PM,07:12 AM,07:01 PM,-0,-2,3,-2,31,100,80,0.0,1005,3,10,302,24,EWR
2018-03-13 15:00:00,3,-0,2.0,8.8,1,16,05:09 AM,03:19 PM,07:12 AM,07:01 PM,-2,-2,3,-2,37,43,66,0.1,1006,3,0,304,28,EWR
2018-03-13 18:00:00,3,-0,2.0,8.8,1,16,05:09 AM,03:19 PM,07:12 AM,07:01 PM,-4,-4,1,-4,31,16,68,0.0,1007,1,10,287,21,EWR
2018-03-13 21:00:00,3,-0,2.0,8.8,1,16,05:09 AM,03:19 PM,07:12 AM,07:01 PM,-5,-6,-0,-6,38,11,68,0.0,1007,-0,10,287,25,EWR
2018-03-14 00:00:00,3,-1,0.0,7.4,2,9,05:47 AM,04:16 PM,07:10 AM,07:02 PM,-5,-6,-0,-6,28,14,70,0.0,1006,-1,10,261,20,EWR
2018-03-14 03:00:00,3,-1,0.0,7.4,2,9,05:47 AM,04:16 PM,07:10 AM,07:02 PM,-5,-8,-1,-8,37,31,74,0.0,1006,-1,10,264,26,EWR
2018-03-14 06:00:00,3,-1,0.0,7.4,2,9,05:47 AM,04:16 PM,07:10 AM,07:02 PM,-6,-7,-1,-7,32,22,70,0.0,1005,-1,10,257,23,EWR
2018-03-14 09:00:00,3,-1,0.0,7.4,2,9,05:47 AM,04:16 PM,07:10 AM,07:02 PM,-5,-4,1,-4,31,39,63,0.0,1004,1,10,260,26,EWR
2018-03-14 12:00:00,3,-1,0.0,7.4,2,9,05:47 AM,04:16 PM,07:10 AM,07:02 PM,-4,-2,3,-2,29,67,58,0.0,1001,3,10,263,25,EWR
2018-03-14 15:00:00,3,-1,0.0,7.4,2,9,05:47 AM,04:16 PM,07:10 AM,07:02 PM,-5,-3,3,-3,38,72,58,0.5,1001,3,0,281,30,EWR
2018-03-14 18:00:00,3,-1,0.0,7.4,2,9,05:47 AM,04:16 PM,07:10 AM,07:02 PM,-3,-5,1,-5,38,100,74,0.0,1002,1,10,268,27,EWR
2018-03-14 21:00:00,3,-1,0.0,7.4,2,9,05:47 AM,04:16 PM,07:10 AM,07:02 PM,-4,-7,0,-7,46,100,74,0.6,1003,0,0,279,33,EWR
2018-03-15 00:00:00,6,-1,0.0,10.2,1,2,06:21 AM,05:16 PM,07:08 AM,07:04 PM,-5,-7,-0,-7,38,100,69,0.0,1003,-0,10,273,27,EWR
2018-03-15 03:00:00,6,-1,0.0,10.2,1,2,06:21 AM,05:16 PM,07:08 AM,07:04 PM,-6,-7,-1,-7,41,64,69,0.0,1003,-1,10,280,28,EWR
2018-03-15 06:00:00,6,-1,0.0,10.2,1,2,06:21 AM,05:16 PM,07:08 AM,07:04 PM,-5,-6,-0,-6,30,81,68,0.0,1004,-0,10,271,22,EWR
2018-03-15 09:00:00,6,-1,0.0,10.2,1,2,06:21 AM,05:16 PM,07:08 AM,07:04 PM,-5,-2,3,-2,30,12,58,0.0,1003,3,10,277,24,EWR
2018-03-15 12:00:00,6,-1,0.0,10.2,1,2,06:21 AM,05:16 PM,07:08 AM,07:04 PM,-4,2,6,2,28,51,49,0.0,1001,6,10,270,23,EWR
2018-03-15 15:00:00,6,-1,0.0,10.2,1,2,06:21 AM,05:16 PM,07:08 AM,07:04 PM,-3,1,5,1,32,89,56,0.3,1001,5,10,265,24,EWR
2018-03-15 18:00:00,6,-1,0.0,10.2,1,2,06:21 AM,05:16 PM,07:08 AM,07:04 PM,-2,-0,4,-0,27,54,66,0.0,1003,3,10,266,17,EWR
2018-03-15 21:00:00,6,-1,0.0,10.2,1,2,06:21 AM,05:16 PM,07:08 AM,07:04 PM,-3,-3,2,-3,31,20,71,0.1,1004,2,9,295,21,EWR
2018-03-16 00:00:00,3,-1,0.0,10.2,2,0,06:53 AM,06:17 PM,07:07 AM,07:05 PM,-3,-2,2,-2,19,13,71,0.0,1003,1,10,283,14,EWR
2018-03-16 03:00:00,3,-1,0.0,10.2,2,0,06:53 AM,06:17 PM,07:07 AM,07:05 PM,-4,-5,0,-5,29,31,73,0.0,1005,-0,10,290,20,EWR
2018-03-16 06:00:00,3,-1,0.0,10.2,2,0,06:53 AM,06:17 PM,07:07 AM,07:05 PM,-5,-5,0,-5,28,41,70,0.0,1007,0,10,292,21,EWR
2018-03-16 09:00:00,3,-1,0.0,10.2,2,0,06:53 AM,06:17 PM,07:07 AM,07:05 PM,-7,-4,2,-4,32,52,52,0.0,1008,2,10,306,27,EWR
2018-03-16 12:00:00,3,-1,0.0,10.2,2,0,06:53 AM,06:17 PM,07:07 AM,07:05 PM,-7,-3,3,-3,34,100,49,0.0,1009,3,10,303,30,EWR
2018-03-16 15:00:00,3,-1,0.0,10.2,2,0,06:53 AM,06:17 PM,07:07 AM,07:05 PM,-8,-4,2,-4,38,47,49,0.0,1011,2,2,307,32,EWR
2018-03-16 18:00:00,3,-1,0.0,10.2,2,0,06:53 AM,06:17 PM,07:07 AM,07:05 PM,-7,-5,0,-5,32,2,57,0.0,1013,0,10,301,22,EWR
2018-03-16 21:00:00,3,-1,0.0,10.2,2,0,06:53 AM,06:17 PM,07:07 AM,07:05 PM,-8,-7,-1,-7,37,5,61,0.0,1015,-1,10,298,25,EWR
2018-03-17 00:00:00,7,-3,0.0,10.2,2,0,07:25 AM,07:20 PM,07:05 AM,07:06 PM,-8,-7,-1,-7,27,6,60,0.0,1014,-2,10,303,21,EWR
2018-03-17 03:00:00,7,-3,0.0,10.2,2,0,07:25 AM,07:20 PM,07:05 AM,07:06 PM,-9,-8,-2,-8,24,10,61,0.0,1014,-3,10,290,19,EWR
2018-03-17 06:00:00,7,-3,0.0,10.2,2,0,07:25 AM,07:20 PM,07:05 AM,07:06 PM,-7,-6,-1,-6,21,0,61,0.0,1013,-2,10,276,18,EWR
2018-03-17 09:00:00,7,-3,0.0,10.2,2,0,07:25 AM,07:20 PM,07:05 AM,07:06 PM,-8,-3,2,-3,24,4,46,0.0,1011,1,10,281,21,EWR
2018-03-17 12:00:00,7,-3,0.0,10.2,2,0,07:25 AM,07:20 PM,07:05 AM,07:06 PM,-6,3,6,3,27,93,41,0.0,1007,6,10,276,22,EWR
2018-03-17 15:00:00,7,-3,0.0,10.2,2,0,07:25 AM,07:20 PM,07:05 AM,07:06 PM,-4,3,7,3,30,41,44,0.0,1007,7,10,283,22,EWR
2018-03-17 18:00:00,7,-3,0.0,10.2,2,0,07:25 AM,07:20 PM,07:05 AM,07:06 PM,1,5,8,5,12,1,62,0.0,1008,5,10,312,11,EWR
2018-03-17 21:00:00,7,-3,0.0,10.2,2,0,07:25 AM,07:20 PM,07:05 AM,07:06 PM,-3,-1,3,-1,21,1,62,0.0,1010,2,10,343,17,EWR
2018-03-18 00:00:00,5,-2,0.0,11.6,2,5,07:55 AM,08:24 PM,07:03 AM,07:07 PM,0,4,6,4,10,1,67,0.0,1011,1,10,349,8,EWR
2018-03-18 03:00:00,5,-2,0.0,11.6,2,5,07:55 AM,08:24 PM,07:03 AM,07:07 PM,-5,-3,1,-3,14,3,67,0.0,1013,-1,10,325,12,EWR
2018-03-18 06:00:00,5,-2,0.0,11.6,2,5,07:55 AM,08:24 PM,07:03 AM,07:07 PM,-12,-6,-1,-6,21,3,45,0.0,1015,-2,10,329,18,EWR
2018-03-18 09:00:00,5,-2,0.0,11.6,2,5,07:55 AM,08:24 PM,07:03 AM,07:07 PM,-15,-5,-0,-5,23,4,32,0.0,1015,-1,10,331,20,EWR
2018-03-18 12:00:00,5,-2,0.0,11.6,2,5,07:55 AM,08:24 PM,07:03 AM,07:07 PM,-10,0,4,0,22,7,35,0.0,1014,4,10,318,19,EWR
2018-03-18 15:00:00,5,-2,0.0,11.6,2,5,07:55 AM,08:24 PM,07:03 AM,07:07 PM,-6,2,5,2,22,21,43,0.0,1013,5,10,323,19,EWR
2018-03-18 18:00:00,5,-2,0.0,11.6,2,5,07:55 AM,08:24 PM,07:03 AM,07:07 PM,-3,5,5,5,5,5,56,0.0,1013,3,10,313,4,EWR
2018-03-18 21:00:00,5,-2,0.0,11.6,2,5,07:55 AM,08:24 PM,07:03 AM,07:07 PM,-4,3,3,3,2,17,59,0.0,1013,2,10,327,1,EWR
2018-03-19 00:00:00,6,0,0.0,11.6,2,13,08:26 AM,09:29 PM,07:02 AM,07:08 PM,-4,2,3,2,7,12,58,0.0,1012,2,10,181,5,EWR
2018-03-19 03:00:00,6,0,0.0,11.6,2,13,08:26 AM,09:29 PM,07:02 AM,07:08 PM,-5,-0,3,-0,11,9,59,0.0,1013,1,10,338,9,EWR
2018-03-19 06:00:00,6,0,0.0,11.6,2,13,08:26 AM,09:29 PM,07:02 AM,07:08 PM,-6,-3,1,-3,15,8,59,0.0,1014,0,10,27,13,EWR
2018-03-19 09:00:00,6,0,0.0,11.6,2,13,08:26 AM,09:29 PM,07:02 AM,07:08 PM,-4,4,6,4,12,2,48,0.0,1015,3,10,5,11,EWR
2018-03-19 12:00:00,6,0,0.0,11.6,2,13,08:26 AM,09:29 PM,07:02 AM,07:08 PM,-6,9,10,9,10,0,31,0.0,1015,6,10,313,9,EWR
2018-03-19 15:00:00,6,0,0.0,11.6,2,13,08:26 AM,09:29 PM,07:02 AM,07:08 PM,-9,5,7,5,12,24,30,0.0,1014,6,10,326,10,EWR
2018-03-19 18:00:00,6,0,0.0,11.6,2,13,08:26 AM,09:29 PM,07:02 AM,07:08 PM,-6,3,5,3,9,10,46,0.0,1015,4,10,331,7,EWR
2018-03-19 21:00:00,6,0,0.0,11.6,2,13,08:26 AM,09:29 PM,07:02 AM,07:08 PM,-6,0,2,0,11,32,52,0.0,1016,2,10,9,8,EWR
2018-03-20 00:00:00,3,-1,0.0,7.4,2,20,08:59 AM,10:35 PM,07:00 AM,07:09 PM,-7,-1,2,-1,14,8,51,0.0,1016,1,10,31,12,EWR
2018-03-20 03:00:00,3,-1,0.0,7.4,2,20,08:59 AM,10:35 PM,07:00 AM,07:09 PM,-8,-3,1,-3,17,7,53,0.0,1015,-0,10,34,14,EWR
2018-03-20 06:00:00,3,-1,0.0,7.4,2,20,08:59 AM,10:35 PM,07:00 AM,07:09 PM,-10,-4,0,-4,17,7,46,0.0,1015,-1,10,41,14,EWR
2018-03-20 09:00:00,3,-1,0.0,7.4,2,20,08:59 AM,10:35 PM,07:00 AM,07:09 PM,-10,-3,1,-3,19,49,42,0.0,1014,1,10,67,17,EWR
2018-03-20 12:00:00,3,-1,0.0,7.4,2,20,08:59 AM,10:35 PM,07:00 AM,07:09 PM,-10,-3,2,-3,22,100,41,0.0,1012,2,10,43,18,EWR
2018-03-20 15:00:00,3,-1,0.0,7.4,2,20,08:59 AM,10:35 PM,07:00 AM,07:09 PM,-9,-2,3,-2,24,100,42,0.0,1011,2,10,50,19,EWR
2018-03-20 18:00:00,3,-1,0.0,7.4,2,20,08:59 AM,10:35 PM,07:00 AM,07:09 PM,-7,-2,3,-2,24,93,49,0.0,1010,2,10,46,16,EWR
2018-03-20 21:00:00,3,-1,0.0,7.4,2,20,08:59 AM,10:35 PM,07:00 AM,07:09 PM,-6,-2,3,-2,32,49,51,0.0,1010,3,10,50,22,EWR
2018-03-21 00:00:00,3,-1,11.0,6.3,1,27,09:35 AM,11:43 PM,06:58 AM,07:10 PM,-7,-2,3,-2,35,70,47,0.0,1008,3,10,44,24,EWR
2018-03-21 03:00:00,3,-1,11.0,6.3,1,27,09:35 AM,11:43 PM,06:58 AM,07:10 PM,-7,-3,2,-3,35,80,50,0.1,1006,2,5,41,26,EWR
2018-03-21 06:00:00,3,-1,11.0,6.3,1,27,09:35 AM,11:43 PM,06:58 AM,07:10 PM,-2,-6,0,-6,36,100,86,0.0,1006,0,10,34,27,EWR
2018-03-21 09:00:00,3,-1,11.0,6.3,1,27,09:35 AM,11:43 PM,06:58 AM,07:10 PM,-1,-6,0,-6,35,100,90,3.6,1005,0,2,37,26,EWR
2018-03-21 12:00:00,3,-1,11.0,6.3,1,27,09:35 AM,11:43 PM,06:58 AM,07:10 PM,-1,-6,-1,-6,32,100,95,0.0,1004,-1,10,30,23,EWR
2018-03-21 15:00:00,3,-1,11.0,6.3,1,27,09:35 AM,11:43 PM,06:58 AM,07:10 PM,-1,-5,0,-5,32,100,92,5.5,1004,0,2,19,23,EWR
2018-03-21 18:00:00,3,-1,11.0,6.3,1,27,09:35 AM,11:43 PM,06:58 AM,07:10 PM,-1,-5,0,-5,32,100,92,0.0,1005,0,10,5,22,EWR
2018-03-21 21:00:00,3,-1,11.0,6.3,1,27,09:35 AM,11:43 PM,06:58 AM,07:10 PM,-0,-5,1,-5,37,100,91,3.7,1006,1,2,7,25,EWR
2018-03-22 00:00:00,5,1,0.3,10.3,1,34,10:14 AM,No moonset,06:57 AM,07:11 PM,-1,-5,1,-5,34,100,89,0.0,1007,1,10,342,23,EWR
2018-03-22 03:00:00,5,1,0.3,10.3,1,34,10:14 AM,No moonset,06:57 AM,07:11 PM,-1,-5,1,-5,37,94,87,0.4,1007,1,2,346,24,EWR
2018-03-22 06:00:00,5,1,0.3,10.3,1,34,10:14 AM,No moonset,06:57 AM,07:11 PM,-1,-3,1,-3,25,35,85,0.0,1009,1,10,311,17,EWR
2018-03-22 09:00:00,5,1,0.3,10.3,1,34,10:14 AM,No moonset,06:57 AM,07:11 PM,1,-3,2,-3,31,62,94,0.0,1011,2,10,317,20,EWR
2018-03-22 12:00:00,5,1,0.3,10.3,1,34,10:14 AM,No moonset,06:57 AM,07:11 PM,4,2,5,2,24,49,93,0.0,1010,5,10,293,15,EWR
2018-03-22 15:00:00,5,1,0.3,10.3,1,34,10:14 AM,No moonset,06:57 AM,07:11 PM,2,1,5,1,34,49,85,0.0,1012,5,10,316,22,EWR
2018-03-22 18:00:00,5,1,0.3,10.3,1,34,10:14 AM,No moonset,06:57 AM,07:11 PM,1,2,5,2,26,49,74,0.0,1014,5,10,304,14,EWR
2018-03-22 21:00:00,5,1,0.3,10.3,1,34,10:14 AM,No moonset,06:57 AM,07:11 PM,-1,-2,3,-2,35,50,76,0.0,1016,2,10,322,22,EWR
2018-03-23 00:00:00,7,1,0.0,11.6,1,42,11:01 AM,12:49 AM,06:55 AM,07:12 PM,-2,-2,2,-2,23,67,76,0.0,1016,2,10,321,15,EWR
2018-03-23 03:00:00,7,1,0.0,11.6,1,42,11:01 AM,12:49 AM,06:55 AM,07:12 PM,-2,-3,1,-3,23,47,80,0.0,1017,1,10,319,15,EWR
2018-03-23 06:00:00,7,1,0.0,11.6,1,42,11:01 AM,12:49 AM,06:55 AM,07:12 PM,-2,-1,2,-1,13,69,76,0.0,1018,1,10,297,10,EWR
2018-03-23 09:00:00,7,1,0.0,11.6,1,42,11:01 AM,12:49 AM,06:55 AM,07:12 PM,-1,2,5,2,17,24,64,0.0,1017,5,10,329,15,EWR
2018-03-23 12:00:00,7,1,0.0,11.6,1,42,11:01 AM,12:49 AM,06:55 AM,07:12 PM,-1,6,8,6,13,55,54,0.0,1016,7,10,308,12,EWR
2018-03-23 15:00:00,7,1,0.0,11.6,1,42,11:01 AM,12:49 AM,06:55 AM,07:12 PM,-2,4,7,4,21,34,53,0.2,1017,7,9,312,18,EWR
2018-03-23 18:00:00,7,1,0.0,11.6,1,42,11:01 AM,12:49 AM,06:55 AM,07:12 PM,-0,2,5,2,23,45,68,0.0,1018,5,10,322,15,EWR
2018-03-23 21:00:00,7,1,0.0,11.6,1,42,11:01 AM,12:49 AM,06:55 AM,07:12 PM,-2,-2,3,-2,30,41,73,0.2,1019,3,9,332,20,EWR
2018-03-24 00:00:00,8,1,0.0,11.6,2,49,11:53 AM,01:54 AM,06:53 AM,07:13 PM,-2,-2,2,-2,24,18,72,0.0,1019,2,10,320,17,EWR
2018-03-24 03:00:00,8,1,0.0,11.6,2,49,11:53 AM,01:54 AM,06:53 AM,07:13 PM,-3,-3,2,-3,21,8,74,0.0,1020,1,10,325,16,EWR
2018-03-24 06:00:00,8,1,0.0,11.6,2,49,11:53 AM,01:54 AM,06:53 AM,07:13 PM,-2,-1,3,-1,18,8,71,0.0,1021,2,10,307,15,EWR
2018-03-24 09:00:00,8,1,0.0,11.6,2,49,11:53 AM,01:54 AM,06:53 AM,07:13 PM,-2,3,6,3,17,6,56,0.0,1020,5,10,332,14,EWR
2018-03-24 12:00:00,8,1,0.0,11.6,2,49,11:53 AM,01:54 AM,06:53 AM,07:13 PM,-3,6,8,6,14,29,45,0.0,1019,8,10,309,12,EWR
2018-03-24 15:00:00,8,1,0.0,11.6,2,49,11:53 AM,01:54 AM,06:53 AM,07:13 PM,-3,5,8,5,19,20,46,0.0,1018,7,10,328,16,EWR
2018-03-24 18:00:00,8,1,0.0,11.6,2,49,11:53 AM,01:54 AM,06:53 AM,07:13 PM,-1,3,6,3,18,16,60,0.0,1019,5,10,313,12,EWR
2018-03-24 21:00:00,8,1,0.0,11.6,2,49,11:53 AM,01:54 AM,06:53 AM,07:13 PM,-3,-2,3,-2,26,14,65,0.0,1021,2,10,348,18,EWR
2018-03-25 00:00:00,6,0,0.0,6.3,2,56,12:52 PM,02:54 AM,06:52 AM,07:14 PM,-3,-3,2,-3,22,15,69,0.0,1022,1,10,6,16,EWR
2018-03-25 03:00:00,6,0,0.0,6.3,2,56,12:52 PM,02:54 AM,06:52 AM,07:14 PM,-3,-4,1,-4,23,33,76,0.0,1023,0,10,16,17,EWR
2018-03-25 06:00:00,6,0,0.0,6.3,2,56,12:52 PM,02:54 AM,06:52 AM,07:14 PM,-3,-3,1,-3,24,100,76,0.0,1027,1,10,32,18,EWR
2018-03-25 09:00:00,6,0,0.0,6.3,2,56,12:52 PM,02:54 AM,06:52 AM,07:14 PM,-2,-1,3,-1,29,88,70,0.0,1029,3,10,51,22,EWR
2018-03-25 12:00:00,6,0,0.0,6.3,2,56,12:52 PM,02:54 AM,06:52 AM,07:14 PM,-2,2,6,2,18,100,58,0.0,1031,5,10,52,15,EWR
2018-03-25 15:00:00,6,0,0.0,6.3,2,56,12:52 PM,02:54 AM,06:52 AM,07:14 PM,-3,3,6,3,16,78,50,0.1,1032,6,10,56,14,EWR
2018-03-25 18:00:00,6,0,0.0,6.3,2,56,12:52 PM,02:54 AM,06:52 AM,07:14 PM,-3,3,4,3,10,79,59,0.0,1034,4,10,65,7,EWR
2018-03-25 21:00:00,6,0,0.0,6.3,2,56,12:52 PM,02:54 AM,06:52 AM,07:14 PM,-4,0,3,0,16,97,61,0.0,1036,3,10,83,11,EWR
2018-03-26 00:00:00,7,1,0.0,11.6,2,63,01:57 PM,03:49 AM,06:50 AM,07:15 PM,-4,-1,2,-1,15,37,60,0.0,1037,2,10,59,11,EWR
2018-03-26 03:00:00,7,1,0.0,11.6,2,63,01:57 PM,03:49 AM,06:50 AM,07:15 PM,-3,1,4,1,14,2,62,0.0,1038,1,10,40,12,EWR
2018-03-26 06:00:00,7,1,0.0,11.6,2,63,01:57 PM,03:49 AM,06:50 AM,07:15 PM,-2,1,4,1,16,0,64,0.0,1039,1,10,36,14,EWR
2018-03-26 09:00:00,7,1,0.0,11.6,2,63,01:57 PM,03:49 AM,06:50 AM,07:15 PM,-4,4,7,4,17,0,48,0.0,1040,4,10,63,15,EWR
2018-03-26 12:00:00,7,1,0.0,11.6,2,63,01:57 PM,03:49 AM,06:50 AM,07:15 PM,-5,7,9,7,12,3,37,0.0,1039,7,10,83,11,EWR
2018-03-26 15:00:00,7,1,0.0,11.6,2,63,01:57 PM,03:49 AM,06:50 AM,07:15 PM,-4,9,11,9,12,0,37,0.0,1039,7,10,119,10,EWR
2018-03-26 18:00:00,7,1,0.0,11.6,2,63,01:57 PM,03:49 AM,06:50 AM,07:15 PM,-3,5,7,5,12,0,51,0.0,1039,4,10,153,11,EWR
2018-03-26 21:00:00,7,1,0.0,11.6,2,63,01:57 PM,03:49 AM,06:50 AM,07:15 PM,-1,4,6,4,10,0,60,0.0,1039,3,10,128,9,EWR
2018-03-27 00:00:00,6,1,0.0,7.7,2,71,03:05 PM,04:37 AM,06:48 AM,07:16 PM,2,9,9,9,4,0,63,0.0,1038,2,10,70,3,EWR
2018-03-27 03:00:00,6,1,0.0,7.7,2,71,03:05 PM,04:37 AM,06:48 AM,07:16 PM,-4,0,2,0,9,32,63,0.0,1037,1,10,49,7,EWR
2018-03-27 06:00:00,6,1,0.0,7.7,2,71,03:05 PM,04:37 AM,06:48 AM,07:16 PM,-6,-0,2,-0,8,94,57,0.0,1036,1,10,59,7,EWR
2018-03-27 09:00:00,6,1,0.0,7.7,2,71,03:05 PM,04:37 AM,06:48 AM,07:16 PM,-7,4,6,4,10,7,40,0.0,1034,4,10,109,9,EWR
2018-03-27 12:00:00,6,1,0.0,7.7,2,71,03:05 PM,04:37 AM,06:48 AM,07:16 PM,-6,5,6,5,7,83,42,0.0,1031,6,10,155,6,EWR
2018-03-27 15:00:00,6,1,0.0,7.7,2,71,03:05 PM,04:37 AM,06:48 AM,07:16 PM,-5,4,6,4,13,83,47,0.0,1028,6,10,153,11,EWR
2018-03-27 18:00:00,6,1,0.0,7.7,2,71,03:05 PM,04:37 AM,06:48 AM,07:16 PM,-3,2,4,2,10,100,59,0.0,1026,4,10,176,7,EWR
2018-03-27 21:00:00,6,1,0.0,7.7,2,71,03:05 PM,04:37 AM,06:48 AM,07:16 PM,-1,2,4,2,10,100,72,0.9,1025,4,9,197,7,EWR
2018-03-28 00:00:00,11,3,0.0,9.0,2,78,04:14 PM,05:20 AM,06:47 AM,07:18 PM,1,3,4,3,8,100,79,0.0,1022,3,10,198,6,EWR
2018-03-28 03:00:00,11,3,0.0,9.0,2,78,04:14 PM,05:20 AM,06:47 AM,07:18 PM,1,2,4,2,12,100,79,0.3,1021,4,2,228,10,EWR
2018-03-28 06:00:00,11,3,0.0,9.0,2,78,04:14 PM,05:20 AM,06:47 AM,07:18 PM,1,2,4,2,12,55,81,0.4,1019,4,5,232,10,EWR
2018-03-28 09:00:00,11,3,0.0,9.0,2,78,04:14 PM,05:20 AM,06:47 AM,07:18 PM,3,7,8,7,9,47,68,0.0,1018,7,10,282,8,EWR
2018-03-28 12:00:00,11,3,0.0,9.0,2,78,04:14 PM,05:20 AM,06:47 AM,07:18 PM,4,10,10,10,4,82,68,0.0,1017,9,10,262,4,EWR
2018-03-28 15:00:00,11,3,0.0,9.0,2,78,04:14 PM,05:20 AM,06:47 AM,07:18 PM,6,11,11,11,6,31,69,0.0,1016,11,10,233,5,EWR
2018-03-28 18:00:00,11,3,0.0,9.0,2,78,04:14 PM,05:20 AM,06:47 AM,07:18 PM,5,9,9,9,7,63,76,0.0,1017,8,10,213,5,EWR
2018-03-28 21:00:00,11,3,0.0,9.0,2,78,04:14 PM,05:20 AM,06:47 AM,07:18 PM,5,8,9,8,9,45,80,0.0,1017,8,10,240,6,EWR
2018-03-29 00:00:00,12,7,0.0,9.0,3,85,05:24 PM,05:57 AM,06:45 AM,07:19 PM,6,8,8,8,4,58,85,0.0,1017,7,10,245,3,EWR
2018-03-29 03:00:00,12,7,0.0,9.0,3,85,05:24 PM,05:57 AM,06:45 AM,07:19 PM,6,8,8,8,7,72,87,0.0,1017,7,10,212,4,EWR
2018-03-29 06:00:00,12,7,0.0,9.0,3,85,05:24 PM,05:57 AM,06:45 AM,07:19 PM,6,8,8,8,2,100,90,0.0,1017,7,10,86,1,EWR
2018-03-29 09:00:00,12,7,0.0,9.0,3,85,05:24 PM,05:57 AM,06:45 AM,07:19 PM,7,8,9,8,10,100,87,0.1,1017,8,10,147,7,EWR
2018-03-29 12:00:00,12,7,0.0,9.0,3,85,05:24 PM,05:57 AM,06:45 AM,07:19 PM,7,10,11,10,10,99,77,0.0,1016,11,10,100,8,EWR
2018-03-29 15:00:00,12,7,0.0,9.0,3,85,05:24 PM,05:57 AM,06:45 AM,07:19 PM,8,11,12,11,17,48,74,0.0,1014,12,10,114,14,EWR
2018-03-29 18:00:00,12,7,0.0,9.0,3,85,05:24 PM,05:57 AM,06:45 AM,07:19 PM,7,8,9,8,15,48,85,0.0,1013,9,10,87,10,EWR
2018-03-29 21:00:00,12,7,0.0,9.0,3,85,05:24 PM,05:57 AM,06:45 AM,07:19 PM,8,8,9,8,18,56,91,0.0,1011,9,10,126,11,EWR
2018-03-30 00:00:00,13,6,0.0,7.7,4,93,06:32 PM,06:31 AM,06:43 AM,07:20 PM,8,9,10,9,13,28,88,0.0,1008,9,10,141,6,EWR
2018-03-30 03:00:00,13,6,0.0,7.7,4,93,06:32 PM,06:31 AM,06:43 AM,07:20 PM,10,10,12,10,24,64,93,0.1,1007,11,10,221,12,EWR
2018-03-30 06:00:00,13,6,0.0,7.7,4,93,06:32 PM,06:31 AM,06:43 AM,07:20 PM,11,11,11,11,16,94,96,0.0,1007,11,2,178,8,EWR
2018-03-30 09:00:00,13,6,0.0,7.7,4,93,06:32 PM,06:31 AM,06:43 AM,07:20 PM,12,12,13,12,20,95,93,2.0,1007,13,10,266,12,EWR
2018-03-30 12:00:00,13,6,0.0,7.7,4,93,06:32 PM,06:31 AM,06:43 AM,07:20 PM,8,12,13,12,19,100,72,0.0,1008,13,10,337,13,EWR
2018-03-30 15:00:00,13,6,0.0,7.7,4,93,06:32 PM,06:31 AM,06:43 AM,07:20 PM,5,8,11,8,32,62,67,0.0,1010,11,10,330,21,EWR
2018-03-30 18:00:00,13,6,0.0,7.7,4,93,06:32 PM,06:31 AM,06:43 AM,07:20 PM,2,6,9,6,25,23,65,0.0,1013,8,10,319,17,EWR
2018-03-30 21:00:00,13,6,0.0,7.7,4,93,06:32 PM,06:31 AM,06:43 AM,07:20 PM,-1,2,6,2,35,15,60,0.0,1017,6,10,325,23,EWR
2018-03-31 00:00:00,12,3,0.0,11.6,3,96,07:39 PM,07:04 AM,06:42 AM,07:21 PM,-2,1,5,1,28,14,60,0.0,1020,5,10,313,20,EWR
2018-03-31 03:00:00,12,3,0.0,11.6,3,96,07:39 PM,07:04 AM,06:42 AM,07:21 PM,-2,2,5,2,21,0,58,0.0,1023,3,10,322,18,EWR
2018-03-31 06:00:00,12,3,0.0,11.6,3,96,07:39 PM,07:04 AM,06:42 AM,07:21 PM,-1,7,8,7,10,0,52,0.0,1026,4,10,314,9,EWR
2018-03-31 09:00:00,12,3,0.0,11.6,3,96,07:39 PM,07:04 AM,06:42 AM,07:21 PM,-1,13,13,13,7,0,37,0.0,1026,8,10,310,6,EWR
2018-03-31 12:00:00,12,3,0.0,11.6,3,96,07:39 PM,07:04 AM,06:42 AM,07:21 PM,-3,14,15,14,12,0,30,0.0,1024,11,10,187,11,EWR
2018-03-31 15:00:00,12,3,0.0,11.6,3,96,07:39 PM,07:04 AM,06:42 AM,07:21 PM,-4,11,13,11,22,1,30,0.0,1023,12,10,192,19,EWR
2018-03-31 18:00:00,12,3,0.0,11.6,3,96,07:39 PM,07:04 AM,06:42 AM,07:21 PM,-5,6,9,6,38,8,36,0.0,1022,9,10,191,23,EWR
2018-03-31 21:00:00,12,3,0.0,11.6,3,96,07:39 PM,07:04 AM,06:42 AM,07:21 PM,0,5,8,5,30,29,64,0.0,1017,7,8,206,18,EWR
